candidate_id,email,associated_req_id,assigned_recruiter_id
CAND_100000,talent_0@simulation-tesla-portfolio.io,REQ_2013,REC_101
CAND_100001,talent_1@simulation-tesla-portfolio.io,REQ_2029,REC_104
CAND_100002,talent_2@simulation-tesla-portfolio.io,REQ_2001,REC_101
CAND_100003,talent_3@simulation-tesla-portfolio.io,REQ_2049,REC_100
CAND_100004,talent_4@simulation-tesla-portfolio.io,REQ_2035,REC_104
CAND_100005,talent_5@simulation-tesla-portfolio.io,REQ_2035,REC_100
CAND_100006,talent_6@simulation-tesla-portfolio.io,REQ_2008,REC_102
CAND_100007,talent_7@simulation-tesla-portfolio.io,REQ_2004,REC_103
CAND_100008,talent_8@simulation-tesla-portfolio.io,REQ_2034,REC_103
CAND_100009,talent_9@simulation-tesla-portfolio.io,REQ_2044,REC_101
CAND_100010,talent_10@simulation-tesla-portfolio.io,REQ_2021,REC_103
CAND_100011,talent_11@simulation-tesla-portfolio.io,REQ_2041,REC_102
CAND_100012,talent_12@simulation-tesla-portfolio.io,REQ_2047,REC_100
CAND_100013,talent_13@simulation-tesla-portfolio.io,REQ_2033,REC_100
CAND_100014,talent_14@simulation-tesla-portfolio.io,REQ_2015,REC_104
CAND_100015,talent_15@simulation-tesla-portfolio.io,REQ_2023,REC_104
CAND_100016,talent_16@simulation-tesla-portfolio.io,REQ_2025,REC_104
CAND_100017,talent_17@simulation-tesla-portfolio.io,REQ_2032,REC_101
CAND_100018,talent_18@simulation-tesla-portfolio.io,REQ_2010,REC_104
CAND_100019,talent_19@simulation-tesla-portfolio.io,REQ_2006,REC_103
CAND_100020,talent_20@simulation-tesla-portfolio.io,REQ_2017,REC_101
CAND_100021,talent_21@simulation-tesla-portfolio.io,REQ_2021,REC_101
CAND_100022,talent_22@simulation-tesla-portfolio.io,REQ_2022,REC_102
CAND_100023,talent_23@simulation-tesla-portfolio.io,REQ_2012,REC_100
CAND_100024,talent_3@simulation-tesla-portfolio.io,REQ_2038,REC_101
CAND_100025,talent_25@simulation-tesla-portfolio.io,REQ_2020,REC_100
CAND_100026,talent_26@simulation-tesla-portfolio.io,REQ_2038,REC_104
CAND_100027,talent_27@simulation-tesla-portfolio.io,REQ_2019,REC_104
CAND_100028,talent_28@simulation-tesla-portfolio.io,REQ_2012,REC_104
CAND_100029,talent_29@simulation-tesla-portfolio.io,REQ_2027,REC_104
CAND_100030,talent_30@simulation-tesla-portfolio.io,REQ_2018,REC_104
CAND_100031,talent_11@simulation-tesla-portfolio.io,REQ_2027,REC_104
CAND_100032,talent_32@simulation-tesla-portfolio.io,REQ_2020,REC_104
CAND_100033,talent_33@simulation-tesla-portfolio.io,REQ_2036,REC_103
CAND_100034,talent_34@simulation-tesla-portfolio.io,REQ_2046,REC_103
CAND_100035,talent_35@simulation-tesla-portfolio.io,REQ_2048,REC_103
CAND_100036,talent_36@simulation-tesla-portfolio.io,REQ_2029,REC_100
CAND_100037,talent_37@simulation-tesla-portfolio.io,REQ_2040,REC_100
CAND_100038,talent_38@simulation-tesla-portfolio.io,REQ_2000,REC_102
CAND_100039,talent_39@simulation-tesla-portfolio.io,REQ_2010,REC_102
CAND_100040,talent_40@simulation-tesla-portfolio.io,REQ_2043,REC_101
CAND_100041,talent_41@simulation-tesla-portfolio.io,REQ_2024,REC_103
CAND_100042,talent_42@simulation-tesla-portfolio.io,REQ_2010,REC_102
CAND_100043,talent_43@simulation-tesla-portfolio.io,REQ_2032,REC_104
CAND_100044,talent_44@simulation-tesla-portfolio.io,REQ_2044,REC_102
CAND_100045,talent_45@simulation-tesla-portfolio.io,REQ_2026,REC_102
CAND_100046,talent_46@simulation-tesla-portfolio.io,REQ_2044,REC_104
CAND_100047,talent_47@simulation-tesla-portfolio.io,REQ_2010,REC_103
CAND_100048,talent_48@simulation-tesla-portfolio.io,REQ_2012,REC_104
CAND_100049,talent_49@simulation-tesla-portfolio.io,REQ_2006,REC_103
CAND_100050,talent_50@simulation-tesla-portfolio.io,REQ_2025,REC_101
CAND_100051,talent_51@simulation-tesla-portfolio.io,REQ_2021,REC_101
CAND_100052,talent_52@simulation-tesla-portfolio.io,REQ_2046,REC_101
CAND_100053,talent_53@simulation-tesla-portfolio.io,REQ_2000,REC_100
CAND_100054,talent_54@simulation-tesla-portfolio.io,REQ_2008,REC_101
CAND_100055,talent_55@simulation-tesla-portfolio.io,REQ_2027,REC_104
CAND_100056,talent_56@simulation-tesla-portfolio.io,REQ_2010,REC_103
CAND_100057,talent_57@simulation-tesla-portfolio.io,REQ_2033,REC_101
CAND_100058,talent_58@simulation-tesla-portfolio.io,REQ_2026,REC_100
CAND_100059,talent_59@simulation-tesla-portfolio.io,REQ_2043,REC_104
CAND_100060,talent_60@simulation-tesla-portfolio.io,REQ_2005,REC_101
CAND_100061,talent_61@simulation-tesla-portfolio.io,REQ_2026,REC_102
CAND_100062,talent_62@simulation-tesla-portfolio.io,REQ_2035,REC_102
CAND_100063,talent_63@simulation-tesla-portfolio.io,REQ_2047,REC_104
CAND_100064,talent_64@simulation-tesla-portfolio.io,REQ_2027,REC_103
CAND_100065,talent_65@simulation-tesla-portfolio.io,REQ_2009,REC_101
CAND_100066,talent_66@simulation-tesla-portfolio.io,REQ_2041,REC_100
CAND_100067,talent_67@simulation-tesla-portfolio.io,REQ_2001,REC_100
CAND_100068,talent_68@simulation-tesla-portfolio.io,REQ_2039,REC_102
CAND_100069,talent_52@simulation-tesla-portfolio.io,REQ_2012,REC_101
CAND_100070,talent_70@simulation-tesla-portfolio.io,REQ_2043,REC_100
CAND_100071,talent_71@simulation-tesla-portfolio.io,REQ_2011,REC_101
CAND_100072,talent_72@simulation-tesla-portfolio.io,REQ_2021,REC_103
CAND_100073,talent_73@simulation-tesla-portfolio.io,REQ_2013,REC_103
CAND_100074,talent_74@simulation-tesla-portfolio.io,REQ_2017,REC_102
CAND_100075,talent_75@simulation-tesla-portfolio.io,REQ_2004,REC_103
CAND_100076,talent_76@simulation-tesla-portfolio.io,REQ_2030,REC_104
CAND_100077,talent_77@simulation-tesla-portfolio.io,REQ_2014,REC_103
CAND_100078,talent_78@simulation-tesla-portfolio.io,REQ_2017,REC_100
CAND_100079,talent_79@simulation-tesla-portfolio.io,REQ_2020,REC_103
CAND_100080,talent_80@simulation-tesla-portfolio.io,REQ_2008,REC_100
CAND_100081,talent_81@simulation-tesla-portfolio.io,REQ_2008,REC_100
CAND_100082,talent_82@simulation-tesla-portfolio.io,REQ_2038,REC_101
CAND_100083,talent_83@simulation-tesla-portfolio.io,REQ_2037,REC_102
CAND_100084,talent_84@simulation-tesla-portfolio.io,REQ_2013,REC_102
CAND_100085,talent_85@simulation-tesla-portfolio.io,REQ_2017,REC_101
CAND_100086,talent_86@simulation-tesla-portfolio.io,REQ_2035,REC_100
CAND_100087,talent_87@simulation-tesla-portfolio.io,REQ_2023,REC_104
CAND_100088,talent_88@simulation-tesla-portfolio.io,REQ_2048,REC_103
CAND_100089,talent_89@simulation-tesla-portfolio.io,REQ_2045,REC_101
CAND_100090,talent_90@simulation-tesla-portfolio.io,REQ_2038,REC_103
CAND_100091,talent_91@simulation-tesla-portfolio.io,REQ_2048,REC_103
CAND_100092,talent_92@simulation-tesla-portfolio.io,REQ_2047,REC_103
CAND_100093,talent_93@simulation-tesla-portfolio.io,REQ_2018,REC_103
CAND_100094,talent_94@simulation-tesla-portfolio.io,REQ_2029,REC_103
CAND_100095,talent_95@simulation-tesla-portfolio.io,REQ_2047,REC_103
CAND_100096,talent_96@simulation-tesla-portfolio.io,REQ_2037,REC_104
CAND_100097,talent_97@simulation-tesla-portfolio.io,REQ_2008,REC_102
CAND_100098,talent_98@simulation-tesla-portfolio.io,REQ_2016,REC_102
CAND_100099,talent_99@simulation-tesla-portfolio.io,REQ_2022,REC_103
CAND_100100,talent_100@simulation-tesla-portfolio.io,REQ_2012,REC_104
CAND_100101,talent_101@simulation-tesla-portfolio.io,REQ_2005,REC_101
CAND_100102,talent_33@simulation-tesla-portfolio.io,REQ_2015,REC_101
CAND_100103,talent_103@simulation-tesla-portfolio.io,REQ_2031,REC_103
CAND_100104,talent_104@simulation-tesla-portfolio.io,REQ_2010,REC_104
CAND_100105,talent_105@simulation-tesla-portfolio.io,REQ_2048,REC_100
CAND_100106,talent_106@simulation-tesla-portfolio.io,REQ_2009,REC_104
CAND_100107,talent_107@simulation-tesla-portfolio.io,REQ_2038,REC_100
CAND_100108,talent_108@simulation-tesla-portfolio.io,REQ_2029,REC_103
CAND_100109,talent_109@simulation-tesla-portfolio.io,REQ_2013,REC_103
CAND_100110,talent_110@simulation-tesla-portfolio.io,REQ_2042,REC_104
CAND_100111,talent_111@simulation-tesla-portfolio.io,REQ_2021,REC_103
CAND_100112,talent_112@simulation-tesla-portfolio.io,REQ_2023,REC_103
CAND_100113,talent_113@simulation-tesla-portfolio.io,REQ_2026,REC_103
CAND_100114,talent_114@simulation-tesla-portfolio.io,REQ_2037,REC_102
CAND_100115,talent_115@simulation-tesla-portfolio.io,REQ_2032,REC_100
CAND_100116,talent_116@simulation-tesla-portfolio.io,REQ_2005,REC_102
CAND_100117,talent_117@simulation-tesla-portfolio.io,REQ_2036,REC_104
CAND_100118,talent_118@simulation-tesla-portfolio.io,REQ_2032,REC_104
CAND_100119,talent_119@simulation-tesla-portfolio.io,REQ_2023,REC_101
CAND_100120,talent_120@simulation-tesla-portfolio.io,REQ_2017,REC_102
CAND_100121,talent_121@simulation-tesla-portfolio.io,REQ_2029,REC_104
CAND_100122,talent_122@simulation-tesla-portfolio.io,REQ_2041,REC_100
CAND_100123,talent_123@simulation-tesla-portfolio.io,REQ_2015,REC_100
CAND_100124,talent_124@simulation-tesla-portfolio.io,REQ_2002,REC_100
CAND_100125,talent_125@simulation-tesla-portfolio.io,REQ_2000,REC_102
CAND_100126,talent_126@simulation-tesla-portfolio.io,REQ_2021,REC_101
CAND_100127,talent_127@simulation-tesla-portfolio.io,REQ_2028,REC_101
CAND_100128,talent_128@simulation-tesla-portfolio.io,REQ_2009,REC_104
CAND_100129,talent_129@simulation-tesla-portfolio.io,REQ_2002,REC_102
CAND_100130,talent_130@simulation-tesla-portfolio.io,REQ_2014,REC_102
CAND_100131,talent_131@simulation-tesla-portfolio.io,REQ_2006,REC_100
CAND_100132,talent_132@simulation-tesla-portfolio.io,REQ_2015,REC_103
CAND_100133,talent_133@simulation-tesla-portfolio.io,REQ_2044,REC_103
CAND_100134,talent_134@simulation-tesla-portfolio.io,REQ_2024,REC_104
CAND_100135,talent_135@simulation-tesla-portfolio.io,REQ_2036,REC_102
CAND_100136,talent_136@simulation-tesla-portfolio.io,REQ_2023,REC_103
CAND_100137,talent_137@simulation-tesla-portfolio.io,REQ_2027,REC_101
CAND_100138,talent_138@simulation-tesla-portfolio.io,REQ_2026,REC_102
CAND_100139,talent_139@simulation-tesla-portfolio.io,REQ_2029,REC_100
CAND_100140,talent_140@simulation-tesla-portfolio.io,REQ_2023,REC_104
CAND_100141,talent_141@simulation-tesla-portfolio.io,REQ_2048,REC_101
CAND_100142,talent_142@simulation-tesla-portfolio.io,REQ_2032,REC_101
CAND_100143,talent_143@simulation-tesla-portfolio.io,REQ_2043,REC_101
CAND_100144,talent_144@simulation-tesla-portfolio.io,REQ_2008,REC_104
CAND_100145,talent_145@simulation-tesla-portfolio.io,REQ_2038,REC_100
CAND_100146,talent_146@simulation-tesla-portfolio.io,REQ_2034,REC_103
CAND_100147,talent_147@simulation-tesla-portfolio.io,REQ_2015,REC_101
CAND_100148,talent_55@simulation-tesla-portfolio.io,REQ_2013,REC_100
CAND_100149,talent_149@simulation-tesla-portfolio.io,REQ_2028,REC_102
CAND_100150,talent_131@simulation-tesla-portfolio.io,REQ_2020,REC_103
CAND_100151,talent_151@simulation-tesla-portfolio.io,REQ_2043,REC_102
CAND_100152,talent_152@simulation-tesla-portfolio.io,REQ_2005,REC_104
CAND_100153,talent_153@simulation-tesla-portfolio.io,REQ_2025,REC_100
CAND_100154,talent_154@simulation-tesla-portfolio.io,REQ_2013,REC_101
CAND_100155,talent_155@simulation-tesla-portfolio.io,REQ_2007,REC_101
CAND_100156,talent_156@simulation-tesla-portfolio.io,REQ_2002,REC_100
CAND_100157,talent_157@simulation-tesla-portfolio.io,REQ_2022,REC_100
CAND_100158,talent_158@simulation-tesla-portfolio.io,REQ_2041,REC_103
CAND_100159,talent_159@simulation-tesla-portfolio.io,REQ_2020,REC_103
CAND_100160,talent_160@simulation-tesla-portfolio.io,REQ_2045,REC_102
CAND_100161,talent_161@simulation-tesla-portfolio.io,REQ_2028,REC_102
CAND_100162,talent_162@simulation-tesla-portfolio.io,REQ_2032,REC_101
CAND_100163,talent_163@simulation-tesla-portfolio.io,REQ_2002,REC_102
CAND_100164,talent_164@simulation-tesla-portfolio.io,REQ_2004,REC_100
CAND_100165,talent_165@simulation-tesla-portfolio.io,REQ_2029,REC_101
CAND_100166,talent_166@simulation-tesla-portfolio.io,REQ_2037,REC_104
CAND_100167,talent_167@simulation-tesla-portfolio.io,REQ_2021,REC_103
CAND_100168,talent_168@simulation-tesla-portfolio.io,REQ_2017,REC_102
CAND_100169,talent_169@simulation-tesla-portfolio.io,REQ_2043,REC_103
CAND_100170,talent_170@simulation-tesla-portfolio.io,REQ_2034,REC_100
CAND_100171,talent_171@simulation-tesla-portfolio.io,REQ_2044,REC_102
CAND_100172,talent_172@simulation-tesla-portfolio.io,REQ_2026,REC_104
CAND_100173,talent_173@simulation-tesla-portfolio.io,REQ_2009,REC_102
CAND_100174,talent_174@simulation-tesla-portfolio.io,REQ_2005,REC_102
CAND_100175,talent_175@simulation-tesla-portfolio.io,REQ_2011,REC_101
CAND_100176,talent_176@simulation-tesla-portfolio.io,REQ_2022,REC_104
CAND_100177,talent_177@simulation-tesla-portfolio.io,REQ_2015,REC_101
CAND_100178,talent_178@simulation-tesla-portfolio.io,REQ_2019,REC_103
CAND_100179,talent_179@simulation-tesla-portfolio.io,REQ_2008,REC_103
CAND_100180,talent_180@simulation-tesla-portfolio.io,REQ_2029,REC_102
CAND_100181,talent_181@simulation-tesla-portfolio.io,REQ_2028,REC_103
CAND_100182,talent_182@simulation-tesla-portfolio.io,REQ_2011,REC_104
CAND_100183,talent_183@simulation-tesla-portfolio.io,REQ_2001,REC_100
CAND_100184,talent_184@simulation-tesla-portfolio.io,REQ_2029,REC_104
CAND_100185,talent_185@simulation-tesla-portfolio.io,REQ_2028,REC_102
CAND_100186,talent_186@simulation-tesla-portfolio.io,REQ_2012,REC_104
CAND_100187,talent_187@simulation-tesla-portfolio.io,REQ_2015,REC_100
CAND_100188,talent_188@simulation-tesla-portfolio.io,REQ_2043,REC_103
CAND_100189,talent_189@simulation-tesla-portfolio.io,REQ_2019,REC_104
CAND_100190,talent_190@simulation-tesla-portfolio.io,REQ_2006,REC_104
CAND_100191,talent_191@simulation-tesla-portfolio.io,REQ_2018,REC_102
CAND_100192,talent_192@simulation-tesla-portfolio.io,REQ_2026,REC_100
CAND_100193,talent_193@simulation-tesla-portfolio.io,REQ_2009,REC_104
CAND_100194,talent_194@simulation-tesla-portfolio.io,REQ_2015,REC_103
CAND_100195,talent_195@simulation-tesla-portfolio.io,REQ_2010,REC_100
CAND_100196,talent_196@simulation-tesla-portfolio.io,REQ_2024,REC_101
CAND_100197,talent_197@simulation-tesla-portfolio.io,REQ_2024,REC_102
CAND_100198,talent_198@simulation-tesla-portfolio.io,REQ_2024,REC_101
CAND_100199,talent_199@simulation-tesla-portfolio.io,REQ_2043,REC_102
CAND_100200,talent_200@simulation-tesla-portfolio.io,REQ_2041,REC_102
CAND_100201,talent_201@simulation-tesla-portfolio.io,REQ_2026,REC_102
CAND_100202,talent_202@simulation-tesla-portfolio.io,REQ_2016,REC_104
CAND_100203,talent_203@simulation-tesla-portfolio.io,REQ_2049,REC_101
CAND_100204,talent_204@simulation-tesla-portfolio.io,REQ_2003,REC_101
CAND_100205,talent_205@simulation-tesla-portfolio.io,REQ_2042,REC_104
CAND_100206,talent_206@simulation-tesla-portfolio.io,REQ_2034,REC_103
CAND_100207,talent_207@simulation-tesla-portfolio.io,REQ_2003,REC_102
CAND_100208,talent_208@simulation-tesla-portfolio.io,REQ_2027,REC_102
CAND_100209,talent_209@simulation-tesla-portfolio.io,REQ_2020,REC_102
CAND_100210,talent_210@simulation-tesla-portfolio.io,REQ_2022,REC_102
CAND_100211,talent_211@simulation-tesla-portfolio.io,REQ_2044,REC_102
CAND_100212,talent_212@simulation-tesla-portfolio.io,REQ_2007,REC_100
CAND_100213,talent_213@simulation-tesla-portfolio.io,REQ_2024,REC_102
CAND_100214,talent_214@simulation-tesla-portfolio.io,REQ_2033,REC_104
CAND_100215,talent_215@simulation-tesla-portfolio.io,REQ_2030,REC_103
CAND_100216,talent_216@simulation-tesla-portfolio.io,REQ_2047,REC_104
CAND_100217,talent_217@simulation-tesla-portfolio.io,REQ_2047,REC_100
CAND_100218,talent_218@simulation-tesla-portfolio.io,REQ_2034,REC_103
CAND_100219,talent_219@simulation-tesla-portfolio.io,REQ_2020,REC_100
CAND_100220,talent_220@simulation-tesla-portfolio.io,REQ_2001,REC_103
CAND_100221,talent_221@simulation-tesla-portfolio.io,REQ_2044,REC_103
CAND_100222,talent_222@simulation-tesla-portfolio.io,REQ_2045,REC_104
CAND_100223,talent_223@simulation-tesla-portfolio.io,REQ_2016,REC_103
CAND_100224,talent_224@simulation-tesla-portfolio.io,REQ_2019,REC_100
CAND_100225,talent_225@simulation-tesla-portfolio.io,REQ_2019,REC_104
CAND_100226,talent_226@simulation-tesla-portfolio.io,REQ_2031,REC_100
CAND_100227,talent_227@simulation-tesla-portfolio.io,REQ_2025,REC_102
CAND_100228,talent_228@simulation-tesla-portfolio.io,REQ_2041,REC_104
CAND_100229,talent_229@simulation-tesla-portfolio.io,REQ_2021,REC_104
CAND_100230,talent_230@simulation-tesla-portfolio.io,REQ_2045,REC_101
CAND_100231,talent_231@simulation-tesla-portfolio.io,REQ_2037,REC_102
CAND_100232,talent_232@simulation-tesla-portfolio.io,REQ_2049,REC_103
CAND_100233,talent_233@simulation-tesla-portfolio.io,REQ_2020,REC_101
CAND_100234,talent_234@simulation-tesla-portfolio.io,REQ_2006,REC_100
CAND_100235,talent_235@simulation-tesla-portfolio.io,REQ_2049,REC_102
CAND_100236,talent_236@simulation-tesla-portfolio.io,REQ_2038,REC_103
CAND_100237,talent_237@simulation-tesla-portfolio.io,REQ_2022,REC_101
CAND_100238,talent_238@simulation-tesla-portfolio.io,REQ_2013,REC_103
CAND_100239,talent_239@simulation-tesla-portfolio.io,REQ_2017,REC_103
CAND_100240,talent_240@simulation-tesla-portfolio.io,REQ_2033,REC_104
CAND_100241,talent_241@simulation-tesla-portfolio.io,REQ_2014,REC_100
CAND_100242,talent_242@simulation-tesla-portfolio.io,REQ_2043,REC_102
CAND_100243,talent_243@simulation-tesla-portfolio.io,REQ_2001,REC_100
CAND_100244,talent_244@simulation-tesla-portfolio.io,REQ_2010,REC_101
CAND_100245,talent_245@simulation-tesla-portfolio.io,REQ_2029,REC_102
CAND_100246,talent_246@simulation-tesla-portfolio.io,REQ_2021,REC_100
CAND_100247,talent_247@simulation-tesla-portfolio.io,REQ_2034,REC_100
CAND_100248,talent_248@simulation-tesla-portfolio.io,REQ_2038,REC_100
CAND_100249,talent_249@simulation-tesla-portfolio.io,REQ_2036,REC_104
CAND_100250,talent_250@simulation-tesla-portfolio.io,REQ_2021,REC_103
CAND_100251,talent_251@simulation-tesla-portfolio.io,REQ_2045,REC_104
CAND_100252,talent_252@simulation-tesla-portfolio.io,REQ_2003,REC_100
CAND_100253,talent_253@simulation-tesla-portfolio.io,REQ_2045,REC_102
CAND_100254,talent_254@simulation-tesla-portfolio.io,REQ_2038,REC_104
CAND_100255,talent_255@simulation-tesla-portfolio.io,REQ_2014,REC_101
CAND_100256,talent_256@simulation-tesla-portfolio.io,REQ_2039,REC_103
CAND_100257,talent_257@simulation-tesla-portfolio.io,REQ_2045,REC_103
CAND_100258,talent_258@simulation-tesla-portfolio.io,REQ_2010,REC_100
CAND_100259,talent_259@simulation-tesla-portfolio.io,REQ_2023,REC_103
CAND_100260,talent_260@simulation-tesla-portfolio.io,REQ_2029,REC_103
CAND_100261,talent_261@simulation-tesla-portfolio.io,REQ_2038,REC_102
CAND_100262,talent_262@simulation-tesla-portfolio.io,REQ_2034,REC_104
CAND_100263,talent_263@simulation-tesla-portfolio.io,REQ_2036,REC_103
CAND_100264,talent_264@simulation-tesla-portfolio.io,REQ_2043,REC_104
CAND_100265,talent_265@simulation-tesla-portfolio.io,REQ_2013,REC_101
CAND_100266,talent_266@simulation-tesla-portfolio.io,REQ_2008,REC_102
CAND_100267,talent_267@simulation-tesla-portfolio.io,REQ_2015,REC_104
CAND_100268,talent_268@simulation-tesla-portfolio.io,REQ_2045,REC_104
CAND_100269,talent_269@simulation-tesla-portfolio.io,REQ_2022,REC_104
CAND_100270,talent_270@simulation-tesla-portfolio.io,REQ_2039,REC_104
CAND_100271,talent_271@simulation-tesla-portfolio.io,REQ_2001,REC_104
CAND_100272,talent_272@simulation-tesla-portfolio.io,REQ_2013,REC_101
CAND_100273,talent_273@simulation-tesla-portfolio.io,REQ_2001,REC_103
CAND_100274,talent_274@simulation-tesla-portfolio.io,REQ_2042,REC_101
CAND_100275,talent_275@simulation-tesla-portfolio.io,REQ_2030,REC_103
CAND_100276,talent_276@simulation-tesla-portfolio.io,REQ_2034,REC_104
CAND_100277,talent_277@simulation-tesla-portfolio.io,REQ_2035,REC_100
CAND_100278,talent_278@simulation-tesla-portfolio.io,REQ_2011,REC_103
CAND_100279,talent_279@simulation-tesla-portfolio.io,REQ_2019,REC_103
CAND_100280,talent_280@simulation-tesla-portfolio.io,REQ_2046,REC_100
CAND_100281,talent_281@simulation-tesla-portfolio.io,REQ_2022,REC_101
CAND_100282,talent_282@simulation-tesla-portfolio.io,REQ_2025,REC_103
CAND_100283,talent_283@simulation-tesla-portfolio.io,REQ_2021,REC_103
CAND_100284,talent_284@simulation-tesla-portfolio.io,REQ_2008,REC_102
CAND_100285,talent_285@simulation-tesla-portfolio.io,REQ_2049,REC_103
CAND_100286,talent_286@simulation-tesla-portfolio.io,REQ_2047,REC_100
CAND_100287,talent_287@simulation-tesla-portfolio.io,REQ_2040,REC_100
CAND_100288,talent_288@simulation-tesla-portfolio.io,REQ_2000,REC_101
CAND_100289,talent_289@simulation-tesla-portfolio.io,REQ_2000,REC_101
CAND_100290,talent_290@simulation-tesla-portfolio.io,REQ_2042,REC_102
CAND_100291,talent_291@simulation-tesla-portfolio.io,REQ_2040,REC_102
CAND_100292,talent_292@simulation-tesla-portfolio.io,REQ_2004,REC_103
CAND_100293,talent_293@simulation-tesla-portfolio.io,REQ_2014,REC_100
CAND_100294,talent_294@simulation-tesla-portfolio.io,REQ_2019,REC_100
CAND_100295,talent_295@simulation-tesla-portfolio.io,REQ_2003,REC_102
CAND_100296,talent_296@simulation-tesla-portfolio.io,REQ_2016,REC_100
CAND_100297,talent_297@simulation-tesla-portfolio.io,REQ_2008,REC_100
CAND_100298,talent_298@simulation-tesla-portfolio.io,REQ_2026,REC_100
CAND_100299,talent_299@simulation-tesla-portfolio.io,REQ_2010,REC_101
CAND_100300,talent_175@simulation-tesla-portfolio.io,REQ_2031,REC_104
CAND_100301,talent_301@simulation-tesla-portfolio.io,REQ_2013,REC_100
CAND_100302,talent_302@simulation-tesla-portfolio.io,REQ_2016,REC_101
CAND_100303,talent_303@simulation-tesla-portfolio.io,REQ_2013,REC_101
CAND_100304,talent_304@simulation-tesla-portfolio.io,REQ_2028,REC_103
CAND_100305,talent_305@simulation-tesla-portfolio.io,REQ_2000,REC_104
CAND_100306,talent_306@simulation-tesla-portfolio.io,REQ_2011,REC_101
CAND_100307,talent_307@simulation-tesla-portfolio.io,REQ_2022,REC_103
CAND_100308,talent_308@simulation-tesla-portfolio.io,REQ_2048,REC_104
CAND_100309,talent_309@simulation-tesla-portfolio.io,REQ_2009,REC_100
CAND_100310,talent_310@simulation-tesla-portfolio.io,REQ_2030,REC_100
CAND_100311,talent_311@simulation-tesla-portfolio.io,REQ_2023,REC_101
CAND_100312,talent_312@simulation-tesla-portfolio.io,REQ_2037,REC_101
CAND_100313,talent_313@simulation-tesla-portfolio.io,REQ_2027,REC_101
CAND_100314,talent_314@simulation-tesla-portfolio.io,REQ_2025,REC_102
CAND_100315,talent_315@simulation-tesla-portfolio.io,REQ_2002,REC_104
CAND_100316,talent_316@simulation-tesla-portfolio.io,REQ_2046,REC_104
CAND_100317,talent_317@simulation-tesla-portfolio.io,REQ_2042,REC_100
CAND_100318,talent_318@simulation-tesla-portfolio.io,REQ_2013,REC_103
CAND_100319,talent_319@simulation-tesla-portfolio.io,REQ_2031,REC_100
CAND_100320,talent_33@simulation-tesla-portfolio.io,REQ_2015,REC_100
CAND_100321,talent_321@simulation-tesla-portfolio.io,REQ_2017,REC_104
CAND_100322,talent_322@simulation-tesla-portfolio.io,REQ_2036,REC_103
CAND_100323,talent_323@simulation-tesla-portfolio.io,REQ_2002,REC_102
CAND_100324,talent_324@simulation-tesla-portfolio.io,REQ_2013,REC_100
CAND_100325,talent_325@simulation-tesla-portfolio.io,REQ_2001,REC_100
CAND_100326,talent_326@simulation-tesla-portfolio.io,REQ_2044,REC_101
CAND_100327,talent_327@simulation-tesla-portfolio.io,REQ_2042,REC_101
CAND_100328,talent_328@simulation-tesla-portfolio.io,REQ_2035,REC_103
CAND_100329,talent_329@simulation-tesla-portfolio.io,REQ_2033,REC_102
CAND_100330,talent_330@simulation-tesla-portfolio.io,REQ_2045,REC_101
CAND_100331,talent_331@simulation-tesla-portfolio.io,REQ_2001,REC_103
CAND_100332,talent_332@simulation-tesla-portfolio.io,REQ_2025,REC_101
CAND_100333,talent_333@simulation-tesla-portfolio.io,REQ_2025,REC_100
CAND_100334,talent_334@simulation-tesla-portfolio.io,REQ_2040,REC_100
CAND_100335,talent_335@simulation-tesla-portfolio.io,REQ_2013,REC_103
CAND_100336,talent_336@simulation-tesla-portfolio.io,REQ_2042,REC_104
CAND_100337,talent_337@simulation-tesla-portfolio.io,REQ_2009,REC_103
CAND_100338,talent_338@simulation-tesla-portfolio.io,REQ_2038,REC_103
CAND_100339,talent_339@simulation-tesla-portfolio.io,REQ_2009,REC_101
CAND_100340,talent_340@simulation-tesla-portfolio.io,REQ_2049,REC_104
CAND_100341,talent_341@simulation-tesla-portfolio.io,REQ_2036,REC_100
CAND_100342,talent_342@simulation-tesla-portfolio.io,REQ_2021,REC_101
CAND_100343,talent_343@simulation-tesla-portfolio.io,REQ_2044,REC_104
CAND_100344,talent_344@simulation-tesla-portfolio.io,REQ_2032,REC_104
CAND_100345,talent_345@simulation-tesla-portfolio.io,REQ_2013,REC_101
CAND_100346,talent_346@simulation-tesla-portfolio.io,REQ_2029,REC_100
CAND_100347,talent_347@simulation-tesla-portfolio.io,REQ_2024,REC_102
CAND_100348,talent_348@simulation-tesla-portfolio.io,REQ_2024,REC_104
CAND_100349,talent_349@simulation-tesla-portfolio.io,REQ_2014,REC_102
CAND_100350,talent_350@simulation-tesla-portfolio.io,REQ_2046,REC_104
CAND_100351,talent_351@simulation-tesla-portfolio.io,REQ_2010,REC_100
CAND_100352,talent_352@simulation-tesla-portfolio.io,REQ_2014,REC_102
CAND_100353,talent_353@simulation-tesla-portfolio.io,REQ_2038,REC_100
CAND_100354,talent_354@simulation-tesla-portfolio.io,REQ_2030,REC_103
CAND_100355,talent_355@simulation-tesla-portfolio.io,REQ_2049,REC_100
CAND_100356,talent_356@simulation-tesla-portfolio.io,REQ_2014,REC_104
CAND_100357,talent_357@simulation-tesla-portfolio.io,REQ_2048,REC_101
CAND_100358,talent_358@simulation-tesla-portfolio.io,REQ_2005,REC_104
CAND_100359,talent_359@simulation-tesla-portfolio.io,REQ_2007,REC_104
CAND_100360,talent_360@simulation-tesla-portfolio.io,REQ_2010,REC_104
CAND_100361,talent_361@simulation-tesla-portfolio.io,REQ_2025,REC_100
CAND_100362,talent_362@simulation-tesla-portfolio.io,REQ_2017,REC_103
CAND_100363,talent_363@simulation-tesla-portfolio.io,REQ_2023,REC_100
CAND_100364,talent_364@simulation-tesla-portfolio.io,REQ_2044,REC_104
CAND_100365,talent_365@simulation-tesla-portfolio.io,REQ_2033,REC_104
CAND_100366,talent_366@simulation-tesla-portfolio.io,REQ_2004,REC_104
CAND_100367,talent_367@simulation-tesla-portfolio.io,REQ_2043,REC_101
CAND_100368,talent_368@simulation-tesla-portfolio.io,REQ_2018,REC_101
CAND_100369,talent_369@simulation-tesla-portfolio.io,REQ_2009,REC_102
CAND_100370,talent_370@simulation-tesla-portfolio.io,REQ_2034,REC_101
CAND_100371,talent_371@simulation-tesla-portfolio.io,REQ_2013,REC_102
CAND_100372,talent_372@simulation-tesla-portfolio.io,REQ_2025,REC_104
CAND_100373,talent_373@simulation-tesla-portfolio.io,REQ_2012,REC_103
CAND_100374,talent_374@simulation-tesla-portfolio.io,REQ_2024,REC_103
CAND_100375,talent_375@simulation-tesla-portfolio.io,REQ_2038,REC_102
CAND_100376,talent_376@simulation-tesla-portfolio.io,REQ_2029,REC_103
CAND_100377,talent_377@simulation-tesla-portfolio.io,REQ_2033,REC_101
CAND_100378,talent_378@simulation-tesla-portfolio.io,REQ_2004,REC_100
CAND_100379,talent_379@simulation-tesla-portfolio.io,REQ_2009,REC_100
CAND_100380,talent_380@simulation-tesla-portfolio.io,REQ_2042,REC_102
CAND_100381,talent_381@simulation-tesla-portfolio.io,REQ_2020,REC_104
CAND_100382,talent_382@simulation-tesla-portfolio.io,REQ_2036,REC_100
CAND_100383,talent_383@simulation-tesla-portfolio.io,REQ_2006,REC_101
CAND_100384,talent_384@simulation-tesla-portfolio.io,REQ_2006,REC_103
CAND_100385,talent_385@simulation-tesla-portfolio.io,REQ_2042,REC_102
CAND_100386,talent_386@simulation-tesla-portfolio.io,REQ_2010,REC_102
CAND_100387,talent_387@simulation-tesla-portfolio.io,REQ_2023,REC_104
CAND_100388,talent_388@simulation-tesla-portfolio.io,REQ_2019,REC_103
CAND_100389,talent_389@simulation-tesla-portfolio.io,REQ_2047,REC_104
CAND_100390,talent_390@simulation-tesla-portfolio.io,REQ_2004,REC_102
CAND_100391,talent_391@simulation-tesla-portfolio.io,REQ_2040,REC_104
CAND_100392,talent_392@simulation-tesla-portfolio.io,REQ_2030,REC_103
CAND_100393,talent_393@simulation-tesla-portfolio.io,REQ_2000,REC_104
CAND_100394,talent_394@simulation-tesla-portfolio.io,REQ_2024,REC_100
CAND_100395,talent_395@simulation-tesla-portfolio.io,REQ_2048,REC_101
CAND_100396,talent_396@simulation-tesla-portfolio.io,REQ_2028,REC_101
CAND_100397,talent_397@simulation-tesla-portfolio.io,REQ_2008,REC_103
CAND_100398,talent_398@simulation-tesla-portfolio.io,REQ_2016,REC_100
CAND_100399,talent_399@simulation-tesla-portfolio.io,REQ_2005,REC_103
CAND_100400,talent_400@simulation-tesla-portfolio.io,REQ_2046,REC_104
CAND_100401,talent_401@simulation-tesla-portfolio.io,REQ_2020,REC_101
CAND_100402,talent_402@simulation-tesla-portfolio.io,REQ_2028,REC_100
CAND_100403,talent_403@simulation-tesla-portfolio.io,REQ_2047,REC_104
CAND_100404,talent_404@simulation-tesla-portfolio.io,REQ_2021,REC_103
CAND_100405,talent_405@simulation-tesla-portfolio.io,REQ_2030,REC_100
CAND_100406,talent_406@simulation-tesla-portfolio.io,REQ_2033,REC_102
CAND_100407,talent_407@simulation-tesla-portfolio.io,REQ_2014,REC_102
CAND_100408,talent_408@simulation-tesla-portfolio.io,REQ_2036,REC_100
CAND_100409,talent_409@simulation-tesla-portfolio.io,REQ_2047,REC_100
CAND_100410,talent_410@simulation-tesla-portfolio.io,REQ_2001,REC_102
CAND_100411,talent_411@simulation-tesla-portfolio.io,REQ_2004,REC_101
CAND_100412,talent_412@simulation-tesla-portfolio.io,REQ_2029,REC_101
CAND_100413,talent_413@simulation-tesla-portfolio.io,REQ_2033,REC_103
CAND_100414,talent_414@simulation-tesla-portfolio.io,REQ_2028,REC_103
CAND_100415,talent_415@simulation-tesla-portfolio.io,REQ_2035,REC_100
CAND_100416,talent_347@simulation-tesla-portfolio.io,REQ_2003,REC_102
CAND_100417,talent_417@simulation-tesla-portfolio.io,REQ_2032,REC_104
CAND_100418,talent_418@simulation-tesla-portfolio.io,REQ_2028,REC_103
CAND_100419,talent_419@simulation-tesla-portfolio.io,REQ_2028,REC_103
CAND_100420,talent_420@simulation-tesla-portfolio.io,REQ_2018,REC_104
CAND_100421,talent_421@simulation-tesla-portfolio.io,REQ_2045,REC_103
CAND_100422,talent_422@simulation-tesla-portfolio.io,REQ_2000,REC_100
CAND_100423,talent_423@simulation-tesla-portfolio.io,REQ_2013,REC_103
CAND_100424,talent_424@simulation-tesla-portfolio.io,REQ_2003,REC_103
CAND_100425,talent_425@simulation-tesla-portfolio.io,REQ_2023,REC_102
CAND_100426,talent_426@simulation-tesla-portfolio.io,REQ_2029,REC_103
CAND_100427,talent_427@simulation-tesla-portfolio.io,REQ_2032,REC_103
CAND_100428,talent_428@simulation-tesla-portfolio.io,REQ_2009,REC_104
CAND_100429,talent_429@simulation-tesla-portfolio.io,REQ_2025,REC_100
CAND_100430,talent_430@simulation-tesla-portfolio.io,REQ_2014,REC_101
CAND_100431,talent_431@simulation-tesla-portfolio.io,REQ_2047,REC_102
CAND_100432,talent_432@simulation-tesla-portfolio.io,REQ_2009,REC_104
CAND_100433,talent_433@simulation-tesla-portfolio.io,REQ_2029,REC_102
CAND_100434,talent_434@simulation-tesla-portfolio.io,REQ_2027,REC_100
CAND_100435,talent_435@simulation-tesla-portfolio.io,REQ_2010,REC_104
CAND_100436,talent_436@simulation-tesla-portfolio.io,REQ_2024,REC_101
CAND_100437,talent_437@simulation-tesla-portfolio.io,REQ_2026,REC_101
CAND_100438,talent_438@simulation-tesla-portfolio.io,REQ_2045,REC_101
CAND_100439,talent_439@simulation-tesla-portfolio.io,REQ_2047,REC_100
CAND_100440,talent_440@simulation-tesla-portfolio.io,REQ_2011,REC_103
CAND_100441,talent_441@simulation-tesla-portfolio.io,REQ_2026,REC_101
CAND_100442,talent_442@simulation-tesla-portfolio.io,REQ_2027,REC_100
CAND_100443,talent_443@simulation-tesla-portfolio.io,REQ_2017,REC_101
CAND_100444,talent_444@simulation-tesla-portfolio.io,REQ_2001,REC_102
CAND_100445,talent_445@simulation-tesla-portfolio.io,REQ_2015,REC_101
CAND_100446,talent_446@simulation-tesla-portfolio.io,REQ_2014,REC_101
CAND_100447,talent_447@simulation-tesla-portfolio.io,REQ_2043,REC_104
CAND_100448,talent_448@simulation-tesla-portfolio.io,REQ_2037,REC_104
CAND_100449,talent_449@simulation-tesla-portfolio.io,REQ_2016,REC_104
CAND_100450,talent_450@simulation-tesla-portfolio.io,REQ_2040,REC_102
CAND_100451,talent_451@simulation-tesla-portfolio.io,REQ_2032,REC_100
CAND_100452,talent_452@simulation-tesla-portfolio.io,REQ_2009,REC_103
CAND_100453,talent_453@simulation-tesla-portfolio.io,REQ_2035,REC_100
CAND_100454,talent_344@simulation-tesla-portfolio.io,REQ_2029,REC_103
CAND_100455,talent_455@simulation-tesla-portfolio.io,REQ_2042,REC_104
CAND_100456,talent_456@simulation-tesla-portfolio.io,REQ_2044,REC_103
CAND_100457,talent_457@simulation-tesla-portfolio.io,REQ_2034,REC_104
CAND_100458,talent_447@simulation-tesla-portfolio.io,REQ_2014,REC_102
CAND_100459,talent_459@simulation-tesla-portfolio.io,REQ_2027,REC_104
CAND_100460,talent_460@simulation-tesla-portfolio.io,REQ_2011,REC_104
CAND_100461,talent_461@simulation-tesla-portfolio.io,REQ_2042,REC_100
CAND_100462,talent_462@simulation-tesla-portfolio.io,REQ_2037,REC_100
CAND_100463,talent_463@simulation-tesla-portfolio.io,REQ_2011,REC_104
CAND_100464,talent_464@simulation-tesla-portfolio.io,REQ_2048,REC_104
CAND_100465,talent_465@simulation-tesla-portfolio.io,REQ_2006,REC_103
CAND_100466,talent_466@simulation-tesla-portfolio.io,REQ_2010,REC_101
CAND_100467,talent_467@simulation-tesla-portfolio.io,REQ_2027,REC_100
CAND_100468,talent_468@simulation-tesla-portfolio.io,REQ_2029,REC_101
CAND_100469,talent_469@simulation-tesla-portfolio.io,REQ_2047,REC_104
CAND_100470,talent_470@simulation-tesla-portfolio.io,REQ_2048,REC_101
CAND_100471,talent_471@simulation-tesla-portfolio.io,REQ_2018,REC_104
CAND_100472,talent_472@simulation-tesla-portfolio.io,REQ_2012,REC_101
CAND_100473,talent_473@simulation-tesla-portfolio.io,REQ_2025,REC_103
CAND_100474,talent_474@simulation-tesla-portfolio.io,REQ_2002,REC_102
CAND_100475,talent_475@simulation-tesla-portfolio.io,REQ_2015,REC_102
CAND_100476,talent_451@simulation-tesla-portfolio.io,REQ_2028,REC_103
CAND_100477,talent_477@simulation-tesla-portfolio.io,REQ_2012,REC_101
CAND_100478,talent_478@simulation-tesla-portfolio.io,REQ_2024,REC_100
CAND_100479,talent_479@simulation-tesla-portfolio.io,REQ_2003,REC_101
CAND_100480,talent_480@simulation-tesla-portfolio.io,REQ_2031,REC_101
CAND_100481,talent_481@simulation-tesla-portfolio.io,REQ_2005,REC_100
CAND_100482,talent_482@simulation-tesla-portfolio.io,REQ_2008,REC_101
CAND_100483,talent_483@simulation-tesla-portfolio.io,REQ_2028,REC_103
CAND_100484,talent_484@simulation-tesla-portfolio.io,REQ_2027,REC_104
CAND_100485,talent_485@simulation-tesla-portfolio.io,REQ_2026,REC_100
CAND_100486,talent_486@simulation-tesla-portfolio.io,REQ_2012,REC_104
CAND_100487,talent_487@simulation-tesla-portfolio.io,REQ_2011,REC_103
CAND_100488,talent_488@simulation-tesla-portfolio.io,REQ_2008,REC_100
CAND_100489,talent_489@simulation-tesla-portfolio.io,REQ_2042,REC_104
CAND_100490,talent_490@simulation-tesla-portfolio.io,REQ_2027,REC_101
CAND_100491,talent_491@simulation-tesla-portfolio.io,REQ_2003,REC_101
CAND_100492,talent_492@simulation-tesla-portfolio.io,REQ_2047,REC_102
CAND_100493,talent_493@simulation-tesla-portfolio.io,REQ_2033,REC_101
CAND_100494,talent_494@simulation-tesla-portfolio.io,REQ_2018,REC_100
CAND_100495,talent_495@simulation-tesla-portfolio.io,REQ_2042,REC_100
CAND_100496,talent_496@simulation-tesla-portfolio.io,REQ_2041,REC_101
CAND_100497,talent_497@simulation-tesla-portfolio.io,REQ_2028,REC_104
CAND_100498,talent_498@simulation-tesla-portfolio.io,REQ_2029,REC_100
CAND_100499,talent_499@simulation-tesla-portfolio.io,REQ_2049,REC_100
CAND_100500,talent_500@simulation-tesla-portfolio.io,REQ_2003,REC_103
CAND_100501,talent_501@simulation-tesla-portfolio.io,REQ_2034,REC_102
CAND_100502,talent_502@simulation-tesla-portfolio.io,REQ_2014,REC_103
CAND_100503,talent_503@simulation-tesla-portfolio.io,REQ_2028,REC_100
CAND_100504,talent_504@simulation-tesla-portfolio.io,REQ_2044,REC_104
CAND_100505,talent_505@simulation-tesla-portfolio.io,REQ_2032,REC_102
CAND_100506,talent_506@simulation-tesla-portfolio.io,REQ_2044,REC_101
CAND_100507,talent_507@simulation-tesla-portfolio.io,REQ_2017,REC_101
CAND_100508,talent_508@simulation-tesla-portfolio.io,REQ_2028,REC_104
CAND_100509,talent_509@simulation-tesla-portfolio.io,REQ_2006,REC_101
CAND_100510,talent_510@simulation-tesla-portfolio.io,REQ_2010,REC_103
CAND_100511,talent_511@simulation-tesla-portfolio.io,REQ_2018,REC_100
CAND_100512,talent_512@simulation-tesla-portfolio.io,REQ_2042,REC_102
CAND_100513,talent_513@simulation-tesla-portfolio.io,REQ_2003,REC_101
CAND_100514,talent_514@simulation-tesla-portfolio.io,REQ_2001,REC_101
CAND_100515,talent_515@simulation-tesla-portfolio.io,REQ_2037,REC_101
CAND_100516,talent_516@simulation-tesla-portfolio.io,REQ_2049,REC_104
CAND_100517,talent_517@simulation-tesla-portfolio.io,REQ_2022,REC_101
CAND_100518,talent_518@simulation-tesla-portfolio.io,REQ_2041,REC_104
CAND_100519,talent_519@simulation-tesla-portfolio.io,REQ_2039,REC_104
CAND_100520,talent_520@simulation-tesla-portfolio.io,REQ_2027,REC_104
CAND_100521,talent_521@simulation-tesla-portfolio.io,REQ_2000,REC_101
CAND_100522,talent_522@simulation-tesla-portfolio.io,REQ_2045,REC_102
CAND_100523,talent_523@simulation-tesla-portfolio.io,REQ_2048,REC_102
CAND_100524,talent_524@simulation-tesla-portfolio.io,REQ_2015,REC_101
CAND_100525,talent_525@simulation-tesla-portfolio.io,REQ_2009,REC_103
CAND_100526,talent_526@simulation-tesla-portfolio.io,REQ_2046,REC_100
CAND_100527,talent_527@simulation-tesla-portfolio.io,REQ_2046,REC_101
CAND_100528,talent_528@simulation-tesla-portfolio.io,REQ_2030,REC_104
CAND_100529,talent_529@simulation-tesla-portfolio.io,REQ_2013,REC_104
CAND_100530,talent_530@simulation-tesla-portfolio.io,REQ_2029,REC_100
CAND_100531,talent_531@simulation-tesla-portfolio.io,REQ_2030,REC_101
CAND_100532,talent_532@simulation-tesla-portfolio.io,REQ_2022,REC_103
CAND_100533,talent_533@simulation-tesla-portfolio.io,REQ_2047,REC_101
CAND_100534,talent_534@simulation-tesla-portfolio.io,REQ_2016,REC_104
CAND_100535,talent_535@simulation-tesla-portfolio.io,REQ_2046,REC_100
CAND_100536,talent_536@simulation-tesla-portfolio.io,REQ_2031,REC_100
CAND_100537,talent_537@simulation-tesla-portfolio.io,REQ_2025,REC_103
CAND_100538,talent_538@simulation-tesla-portfolio.io,REQ_2008,REC_103
CAND_100539,talent_539@simulation-tesla-portfolio.io,REQ_2020,REC_103
CAND_100540,talent_540@simulation-tesla-portfolio.io,REQ_2023,REC_101
CAND_100541,talent_541@simulation-tesla-portfolio.io,REQ_2003,REC_101
CAND_100542,talent_542@simulation-tesla-portfolio.io,REQ_2007,REC_102
CAND_100543,talent_543@simulation-tesla-portfolio.io,REQ_2038,REC_100
CAND_100544,talent_544@simulation-tesla-portfolio.io,REQ_2039,REC_103
CAND_100545,talent_545@simulation-tesla-portfolio.io,REQ_2005,REC_100
CAND_100546,talent_546@simulation-tesla-portfolio.io,REQ_2041,REC_102
CAND_100547,talent_547@simulation-tesla-portfolio.io,REQ_2046,REC_100
CAND_100548,talent_548@simulation-tesla-portfolio.io,REQ_2030,REC_102
CAND_100549,talent_549@simulation-tesla-portfolio.io,REQ_2046,REC_102
CAND_100550,talent_550@simulation-tesla-portfolio.io,REQ_2049,REC_102
CAND_100551,talent_551@simulation-tesla-portfolio.io,REQ_2008,REC_103
CAND_100552,talent_552@simulation-tesla-portfolio.io,REQ_2030,REC_100
CAND_100553,talent_553@simulation-tesla-portfolio.io,REQ_2028,REC_103
CAND_100554,talent_554@simulation-tesla-portfolio.io,REQ_2045,REC_100
CAND_100555,talent_555@simulation-tesla-portfolio.io,REQ_2023,REC_103
CAND_100556,talent_556@simulation-tesla-portfolio.io,REQ_2044,REC_100
CAND_100557,talent_557@simulation-tesla-portfolio.io,REQ_2044,REC_104
CAND_100558,talent_558@simulation-tesla-portfolio.io,REQ_2003,REC_104
CAND_100559,talent_559@simulation-tesla-portfolio.io,REQ_2028,REC_101
CAND_100560,talent_560@simulation-tesla-portfolio.io,REQ_2049,REC_103
CAND_100561,talent_561@simulation-tesla-portfolio.io,REQ_2035,REC_102
CAND_100562,talent_562@simulation-tesla-portfolio.io,REQ_2038,REC_104
CAND_100563,talent_563@simulation-tesla-portfolio.io,REQ_2048,REC_102
CAND_100564,talent_564@simulation-tesla-portfolio.io,REQ_2035,REC_102
CAND_100565,talent_565@simulation-tesla-portfolio.io,REQ_2005,REC_102
CAND_100566,talent_566@simulation-tesla-portfolio.io,REQ_2030,REC_104
CAND_100567,talent_567@simulation-tesla-portfolio.io,REQ_2044,REC_100
CAND_100568,talent_568@simulation-tesla-portfolio.io,REQ_2036,REC_102
CAND_100569,talent_569@simulation-tesla-portfolio.io,REQ_2010,REC_103
CAND_100570,talent_570@simulation-tesla-portfolio.io,REQ_2002,REC_102
CAND_100571,talent_571@simulation-tesla-portfolio.io,REQ_2049,REC_101
CAND_100572,talent_572@simulation-tesla-portfolio.io,REQ_2011,REC_104
CAND_100573,talent_573@simulation-tesla-portfolio.io,REQ_2013,REC_103
CAND_100574,talent_574@simulation-tesla-portfolio.io,REQ_2019,REC_102
CAND_100575,talent_575@simulation-tesla-portfolio.io,REQ_2048,REC_102
CAND_100576,talent_576@simulation-tesla-portfolio.io,REQ_2036,REC_102
CAND_100577,talent_577@simulation-tesla-portfolio.io,REQ_2027,REC_104
CAND_100578,talent_578@simulation-tesla-portfolio.io,REQ_2017,REC_100
CAND_100579,talent_579@simulation-tesla-portfolio.io,REQ_2045,REC_104
CAND_100580,talent_395@simulation-tesla-portfolio.io,REQ_2024,REC_102
CAND_100581,talent_581@simulation-tesla-portfolio.io,REQ_2046,REC_100
CAND_100582,talent_582@simulation-tesla-portfolio.io,REQ_2046,REC_102
CAND_100583,talent_583@simulation-tesla-portfolio.io,REQ_2049,REC_101
CAND_100584,talent_584@simulation-tesla-portfolio.io,REQ_2026,REC_102
CAND_100585,talent_585@simulation-tesla-portfolio.io,REQ_2038,REC_104
CAND_100586,talent_586@simulation-tesla-portfolio.io,REQ_2016,REC_102
CAND_100587,talent_587@simulation-tesla-portfolio.io,REQ_2018,REC_104
CAND_100588,talent_588@simulation-tesla-portfolio.io,REQ_2024,REC_104
CAND_100589,talent_589@simulation-tesla-portfolio.io,REQ_2046,REC_103
CAND_100590,talent_590@simulation-tesla-portfolio.io,REQ_2010,REC_104
CAND_100591,talent_591@simulation-tesla-portfolio.io,REQ_2004,REC_100
CAND_100592,talent_592@simulation-tesla-portfolio.io,REQ_2014,REC_103
CAND_100593,talent_593@simulation-tesla-portfolio.io,REQ_2023,REC_103
CAND_100594,talent_594@simulation-tesla-portfolio.io,REQ_2027,REC_102
CAND_100595,talent_595@simulation-tesla-portfolio.io,REQ_2007,REC_102
CAND_100596,talent_596@simulation-tesla-portfolio.io,REQ_2038,REC_100
CAND_100597,talent_597@simulation-tesla-portfolio.io,REQ_2042,REC_104
CAND_100598,talent_598@simulation-tesla-portfolio.io,REQ_2039,REC_102
CAND_100599,talent_599@simulation-tesla-portfolio.io,REQ_2049,REC_104
CAND_100600,talent_600@simulation-tesla-portfolio.io,REQ_2015,REC_103
CAND_100601,talent_601@simulation-tesla-portfolio.io,REQ_2019,REC_100
CAND_100602,talent_602@simulation-tesla-portfolio.io,REQ_2008,REC_104
CAND_100603,talent_603@simulation-tesla-portfolio.io,REQ_2031,REC_101
CAND_100604,talent_604@simulation-tesla-portfolio.io,REQ_2002,REC_102
CAND_100605,talent_605@simulation-tesla-portfolio.io,REQ_2035,REC_103
CAND_100606,talent_606@simulation-tesla-portfolio.io,REQ_2014,REC_103
CAND_100607,talent_607@simulation-tesla-portfolio.io,REQ_2002,REC_104
CAND_100608,talent_608@simulation-tesla-portfolio.io,REQ_2043,REC_100
CAND_100609,talent_609@simulation-tesla-portfolio.io,REQ_2025,REC_101
CAND_100610,talent_610@simulation-tesla-portfolio.io,REQ_2009,REC_100
CAND_100611,talent_611@simulation-tesla-portfolio.io,REQ_2029,REC_103
CAND_100612,talent_612@simulation-tesla-portfolio.io,REQ_2012,REC_104
CAND_100613,talent_613@simulation-tesla-portfolio.io,REQ_2024,REC_102
CAND_100614,talent_614@simulation-tesla-portfolio.io,REQ_2032,REC_103
CAND_100615,talent_615@simulation-tesla-portfolio.io,REQ_2022,REC_100
CAND_100616,talent_616@simulation-tesla-portfolio.io,REQ_2006,REC_101
CAND_100617,talent_617@simulation-tesla-portfolio.io,REQ_2035,REC_102
CAND_100618,talent_618@simulation-tesla-portfolio.io,REQ_2016,REC_101
CAND_100619,talent_619@simulation-tesla-portfolio.io,REQ_2033,REC_104
CAND_100620,talent_620@simulation-tesla-portfolio.io,REQ_2039,REC_104
CAND_100621,talent_621@simulation-tesla-portfolio.io,REQ_2015,REC_100
CAND_100622,talent_622@simulation-tesla-portfolio.io,REQ_2019,REC_102
CAND_100623,talent_623@simulation-tesla-portfolio.io,REQ_2019,REC_102
CAND_100624,talent_624@simulation-tesla-portfolio.io,REQ_2037,REC_103
CAND_100625,talent_625@simulation-tesla-portfolio.io,REQ_2019,REC_104
CAND_100626,talent_626@simulation-tesla-portfolio.io,REQ_2015,REC_103
CAND_100627,talent_627@simulation-tesla-portfolio.io,REQ_2040,REC_100
CAND_100628,talent_628@simulation-tesla-portfolio.io,REQ_2030,REC_102
CAND_100629,talent_629@simulation-tesla-portfolio.io,REQ_2017,REC_100
CAND_100630,talent_630@simulation-tesla-portfolio.io,REQ_2007,REC_104
CAND_100631,talent_631@simulation-tesla-portfolio.io,REQ_2030,REC_102
CAND_100632,talent_632@simulation-tesla-portfolio.io,REQ_2009,REC_103
CAND_100633,talent_633@simulation-tesla-portfolio.io,REQ_2047,REC_102
CAND_100634,talent_634@simulation-tesla-portfolio.io,REQ_2043,REC_101
CAND_100635,talent_635@simulation-tesla-portfolio.io,REQ_2010,REC_103
CAND_100636,talent_636@simulation-tesla-portfolio.io,REQ_2007,REC_102
CAND_100637,talent_637@simulation-tesla-portfolio.io,REQ_2007,REC_101
CAND_100638,talent_638@simulation-tesla-portfolio.io,REQ_2017,REC_100
CAND_100639,talent_639@simulation-tesla-portfolio.io,REQ_2038,REC_104
CAND_100640,talent_640@simulation-tesla-portfolio.io,REQ_2037,REC_103
CAND_100641,talent_641@simulation-tesla-portfolio.io,REQ_2036,REC_104
CAND_100642,talent_642@simulation-tesla-portfolio.io,REQ_2042,REC_103
CAND_100643,talent_643@simulation-tesla-portfolio.io,REQ_2013,REC_101
CAND_100644,talent_644@simulation-tesla-portfolio.io,REQ_2040,REC_104
CAND_100645,talent_645@simulation-tesla-portfolio.io,REQ_2036,REC_103
CAND_100646,talent_646@simulation-tesla-portfolio.io,REQ_2040,REC_102
CAND_100647,talent_647@simulation-tesla-portfolio.io,REQ_2032,REC_102
CAND_100648,talent_648@simulation-tesla-portfolio.io,REQ_2042,REC_103
CAND_100649,talent_649@simulation-tesla-portfolio.io,REQ_2015,REC_103
CAND_100650,talent_650@simulation-tesla-portfolio.io,REQ_2044,REC_103
CAND_100651,talent_651@simulation-tesla-portfolio.io,REQ_2024,REC_104
CAND_100652,talent_510@simulation-tesla-portfolio.io,REQ_2043,REC_101
CAND_100653,talent_653@simulation-tesla-portfolio.io,REQ_2044,REC_100
CAND_100654,talent_654@simulation-tesla-portfolio.io,REQ_2020,REC_104
CAND_100655,talent_655@simulation-tesla-portfolio.io,REQ_2008,REC_100
CAND_100656,talent_656@simulation-tesla-portfolio.io,REQ_2014,REC_100
CAND_100657,talent_657@simulation-tesla-portfolio.io,REQ_2045,REC_101
CAND_100658,talent_658@simulation-tesla-portfolio.io,REQ_2035,REC_104
CAND_100659,talent_659@simulation-tesla-portfolio.io,REQ_2022,REC_102
CAND_100660,talent_660@simulation-tesla-portfolio.io,REQ_2023,REC_104
CAND_100661,talent_661@simulation-tesla-portfolio.io,REQ_2013,REC_104
CAND_100662,talent_662@simulation-tesla-portfolio.io,REQ_2003,REC_103
CAND_100663,talent_663@simulation-tesla-portfolio.io,REQ_2031,REC_102
CAND_100664,talent_664@simulation-tesla-portfolio.io,REQ_2002,REC_104
CAND_100665,talent_665@simulation-tesla-portfolio.io,REQ_2017,REC_103
CAND_100666,talent_666@simulation-tesla-portfolio.io,REQ_2020,REC_103
CAND_100667,talent_667@simulation-tesla-portfolio.io,REQ_2047,REC_104
CAND_100668,talent_8@simulation-tesla-portfolio.io,REQ_2031,REC_101
CAND_100669,talent_669@simulation-tesla-portfolio.io,REQ_2000,REC_102
CAND_100670,talent_670@simulation-tesla-portfolio.io,REQ_2009,REC_101
CAND_100671,talent_671@simulation-tesla-portfolio.io,REQ_2022,REC_104
CAND_100672,talent_672@simulation-tesla-portfolio.io,REQ_2037,REC_103
CAND_100673,talent_673@simulation-tesla-portfolio.io,REQ_2020,REC_100
CAND_100674,talent_674@simulation-tesla-portfolio.io,REQ_2035,REC_103
CAND_100675,talent_675@simulation-tesla-portfolio.io,REQ_2026,REC_103
CAND_100676,talent_676@simulation-tesla-portfolio.io,REQ_2028,REC_103
CAND_100677,talent_677@simulation-tesla-portfolio.io,REQ_2007,REC_104
CAND_100678,talent_493@simulation-tesla-portfolio.io,REQ_2026,REC_100
CAND_100679,talent_679@simulation-tesla-portfolio.io,REQ_2038,REC_103
CAND_100680,talent_680@simulation-tesla-portfolio.io,REQ_2019,REC_103
CAND_100681,talent_681@simulation-tesla-portfolio.io,REQ_2012,REC_102
CAND_100682,talent_682@simulation-tesla-portfolio.io,REQ_2029,REC_100
CAND_100683,talent_683@simulation-tesla-portfolio.io,REQ_2007,REC_102
CAND_100684,talent_684@simulation-tesla-portfolio.io,REQ_2049,REC_100
CAND_100685,talent_685@simulation-tesla-portfolio.io,REQ_2013,REC_104
CAND_100686,talent_686@simulation-tesla-portfolio.io,REQ_2031,REC_101
CAND_100687,talent_687@simulation-tesla-portfolio.io,REQ_2040,REC_100
CAND_100688,talent_688@simulation-tesla-portfolio.io,REQ_2027,REC_103
CAND_100689,talent_689@simulation-tesla-portfolio.io,REQ_2030,REC_104
CAND_100690,talent_690@simulation-tesla-portfolio.io,REQ_2015,REC_101
CAND_100691,talent_691@simulation-tesla-portfolio.io,REQ_2032,REC_101
CAND_100692,talent_692@simulation-tesla-portfolio.io,REQ_2023,REC_102
CAND_100693,talent_693@simulation-tesla-portfolio.io,REQ_2018,REC_103
CAND_100694,talent_241@simulation-tesla-portfolio.io,REQ_2049,REC_102
CAND_100695,talent_695@simulation-tesla-portfolio.io,REQ_2049,REC_104
CAND_100696,talent_696@simulation-tesla-portfolio.io,REQ_2027,REC_103
CAND_100697,talent_697@simulation-tesla-portfolio.io,REQ_2034,REC_102
CAND_100698,talent_698@simulation-tesla-portfolio.io,REQ_2030,REC_100
CAND_100699,talent_699@simulation-tesla-portfolio.io,REQ_2038,REC_102
CAND_100700,talent_700@simulation-tesla-portfolio.io,REQ_2000,REC_101
CAND_100701,talent_701@simulation-tesla-portfolio.io,REQ_2038,REC_103
CAND_100702,talent_702@simulation-tesla-portfolio.io,REQ_2024,REC_102
CAND_100703,talent_703@simulation-tesla-portfolio.io,REQ_2007,REC_104
CAND_100704,talent_704@simulation-tesla-portfolio.io,REQ_2006,REC_104
CAND_100705,talent_705@simulation-tesla-portfolio.io,REQ_2013,REC_101
CAND_100706,talent_706@simulation-tesla-portfolio.io,REQ_2004,REC_100
CAND_100707,talent_707@simulation-tesla-portfolio.io,REQ_2037,REC_100
CAND_100708,talent_708@simulation-tesla-portfolio.io,REQ_2031,REC_101
CAND_100709,talent_709@simulation-tesla-portfolio.io,REQ_2005,REC_104
CAND_100710,talent_710@simulation-tesla-portfolio.io,REQ_2026,REC_100
CAND_100711,talent_711@simulation-tesla-portfolio.io,REQ_2000,REC_104
CAND_100712,talent_712@simulation-tesla-portfolio.io,REQ_2007,REC_102
CAND_100713,talent_713@simulation-tesla-portfolio.io,REQ_2020,REC_100
CAND_100714,talent_714@simulation-tesla-portfolio.io,REQ_2028,REC_101
CAND_100715,talent_715@simulation-tesla-portfolio.io,REQ_2043,REC_100
CAND_100716,talent_716@simulation-tesla-portfolio.io,REQ_2048,REC_104
CAND_100717,talent_717@simulation-tesla-portfolio.io,REQ_2049,REC_103
CAND_100718,talent_718@simulation-tesla-portfolio.io,REQ_2037,REC_100
CAND_100719,talent_719@simulation-tesla-portfolio.io,REQ_2016,REC_104
CAND_100720,talent_720@simulation-tesla-portfolio.io,REQ_2000,REC_100
CAND_100721,talent_721@simulation-tesla-portfolio.io,REQ_2017,REC_102
CAND_100722,talent_722@simulation-tesla-portfolio.io,REQ_2014,REC_102
CAND_100723,talent_723@simulation-tesla-portfolio.io,REQ_2014,REC_102
CAND_100724,talent_724@simulation-tesla-portfolio.io,REQ_2033,REC_101
CAND_100725,talent_725@simulation-tesla-portfolio.io,REQ_2036,REC_100
CAND_100726,talent_726@simulation-tesla-portfolio.io,REQ_2034,REC_100
CAND_100727,talent_727@simulation-tesla-portfolio.io,REQ_2013,REC_104
CAND_100728,talent_728@simulation-tesla-portfolio.io,REQ_2018,REC_104
CAND_100729,talent_729@simulation-tesla-portfolio.io,REQ_2025,REC_100
CAND_100730,talent_730@simulation-tesla-portfolio.io,REQ_2018,REC_101
CAND_100731,talent_731@simulation-tesla-portfolio.io,REQ_2003,REC_100
CAND_100732,talent_732@simulation-tesla-portfolio.io,REQ_2001,REC_102
CAND_100733,talent_733@simulation-tesla-portfolio.io,REQ_2039,REC_102
CAND_100734,talent_734@simulation-tesla-portfolio.io,REQ_2004,REC_103
CAND_100735,talent_735@simulation-tesla-portfolio.io,REQ_2046,REC_101
CAND_100736,talent_736@simulation-tesla-portfolio.io,REQ_2015,REC_102
CAND_100737,talent_737@simulation-tesla-portfolio.io,REQ_2039,REC_103
CAND_100738,talent_738@simulation-tesla-portfolio.io,REQ_2004,REC_100
CAND_100739,talent_739@simulation-tesla-portfolio.io,REQ_2036,REC_103
CAND_100740,talent_740@simulation-tesla-portfolio.io,REQ_2048,REC_102
CAND_100741,talent_265@simulation-tesla-portfolio.io,REQ_2016,REC_104
CAND_100742,talent_742@simulation-tesla-portfolio.io,REQ_2003,REC_101
CAND_100743,talent_743@simulation-tesla-portfolio.io,REQ_2041,REC_104
CAND_100744,talent_744@simulation-tesla-portfolio.io,REQ_2022,REC_102
CAND_100745,talent_745@simulation-tesla-portfolio.io,REQ_2036,REC_101
CAND_100746,talent_746@simulation-tesla-portfolio.io,REQ_2007,REC_101
CAND_100747,talent_747@simulation-tesla-portfolio.io,REQ_2021,REC_104
CAND_100748,talent_748@simulation-tesla-portfolio.io,REQ_2009,REC_103
CAND_100749,talent_749@simulation-tesla-portfolio.io,REQ_2003,REC_101
CAND_100750,talent_750@simulation-tesla-portfolio.io,REQ_2008,REC_102
CAND_100751,talent_751@simulation-tesla-portfolio.io,REQ_2004,REC_103
CAND_100752,talent_752@simulation-tesla-portfolio.io,REQ_2019,REC_100
CAND_100753,talent_753@simulation-tesla-portfolio.io,REQ_2012,REC_101
CAND_100754,talent_754@simulation-tesla-portfolio.io,REQ_2024,REC_104
CAND_100755,talent_755@simulation-tesla-portfolio.io,REQ_2039,REC_104
CAND_100756,talent_756@simulation-tesla-portfolio.io,REQ_2041,REC_104
CAND_100757,talent_757@simulation-tesla-portfolio.io,REQ_2003,REC_102
CAND_100758,talent_758@simulation-tesla-portfolio.io,REQ_2005,REC_100
CAND_100759,talent_759@simulation-tesla-portfolio.io,REQ_2015,REC_103
CAND_100760,talent_760@simulation-tesla-portfolio.io,REQ_2007,REC_103
CAND_100761,talent_761@simulation-tesla-portfolio.io,REQ_2017,REC_103
CAND_100762,talent_762@simulation-tesla-portfolio.io,REQ_2021,REC_101
CAND_100763,talent_763@simulation-tesla-portfolio.io,REQ_2028,REC_103
CAND_100764,talent_764@simulation-tesla-portfolio.io,REQ_2045,REC_102
CAND_100765,talent_765@simulation-tesla-portfolio.io,REQ_2038,REC_103
CAND_100766,talent_766@simulation-tesla-portfolio.io,REQ_2020,REC_100
CAND_100767,talent_767@simulation-tesla-portfolio.io,REQ_2038,REC_104
CAND_100768,talent_768@simulation-tesla-portfolio.io,REQ_2006,REC_102
CAND_100769,talent_769@simulation-tesla-portfolio.io,REQ_2049,REC_103
CAND_100770,talent_770@simulation-tesla-portfolio.io,REQ_2045,REC_101
CAND_100771,talent_771@simulation-tesla-portfolio.io,REQ_2039,REC_103
CAND_100772,talent_772@simulation-tesla-portfolio.io,REQ_2027,REC_104
CAND_100773,talent_773@simulation-tesla-portfolio.io,REQ_2012,REC_102
CAND_100774,talent_774@simulation-tesla-portfolio.io,REQ_2007,REC_102
CAND_100775,talent_775@simulation-tesla-portfolio.io,REQ_2021,REC_100
CAND_100776,talent_776@simulation-tesla-portfolio.io,REQ_2020,REC_103
CAND_100777,talent_777@simulation-tesla-portfolio.io,REQ_2014,REC_103
CAND_100778,talent_778@simulation-tesla-portfolio.io,REQ_2009,REC_102
CAND_100779,talent_779@simulation-tesla-portfolio.io,REQ_2021,REC_104
CAND_100780,talent_780@simulation-tesla-portfolio.io,REQ_2016,REC_100
CAND_100781,talent_781@simulation-tesla-portfolio.io,REQ_2043,REC_102
CAND_100782,talent_782@simulation-tesla-portfolio.io,REQ_2025,REC_103
CAND_100783,talent_783@simulation-tesla-portfolio.io,REQ_2037,REC_103
CAND_100784,talent_784@simulation-tesla-portfolio.io,REQ_2007,REC_102
CAND_100785,talent_785@simulation-tesla-portfolio.io,REQ_2048,REC_103
CAND_100786,talent_786@simulation-tesla-portfolio.io,REQ_2006,REC_101
CAND_100787,talent_787@simulation-tesla-portfolio.io,REQ_2021,REC_100
CAND_100788,talent_788@simulation-tesla-portfolio.io,REQ_2029,REC_100
CAND_100789,talent_789@simulation-tesla-portfolio.io,REQ_2007,REC_100
CAND_100790,talent_790@simulation-tesla-portfolio.io,REQ_2049,REC_101
CAND_100791,talent_791@simulation-tesla-portfolio.io,REQ_2048,REC_100
CAND_100792,talent_792@simulation-tesla-portfolio.io,REQ_2026,REC_101
CAND_100793,talent_793@simulation-tesla-portfolio.io,REQ_2014,REC_104
CAND_100794,talent_794@simulation-tesla-portfolio.io,REQ_2048,REC_102
CAND_100795,talent_795@simulation-tesla-portfolio.io,REQ_2013,REC_104
CAND_100796,talent_796@simulation-tesla-portfolio.io,REQ_2036,REC_102
CAND_100797,talent_797@simulation-tesla-portfolio.io,REQ_2004,REC_103
CAND_100798,talent_798@simulation-tesla-portfolio.io,REQ_2001,REC_101
CAND_100799,talent_799@simulation-tesla-portfolio.io,REQ_2012,REC_103
CAND_100800,talent_800@simulation-tesla-portfolio.io,REQ_2028,REC_102
CAND_100801,talent_801@simulation-tesla-portfolio.io,REQ_2016,REC_100
CAND_100802,talent_802@simulation-tesla-portfolio.io,REQ_2026,REC_104
CAND_100803,talent_803@simulation-tesla-portfolio.io,REQ_2026,REC_103
CAND_100804,talent_804@simulation-tesla-portfolio.io,REQ_2047,REC_102
CAND_100805,talent_805@simulation-tesla-portfolio.io,REQ_2040,REC_101
CAND_100806,talent_806@simulation-tesla-portfolio.io,REQ_2049,REC_101
CAND_100807,talent_807@simulation-tesla-portfolio.io,REQ_2005,REC_104
CAND_100808,talent_808@simulation-tesla-portfolio.io,REQ_2040,REC_101
CAND_100809,talent_809@simulation-tesla-portfolio.io,REQ_2007,REC_101
CAND_100810,talent_810@simulation-tesla-portfolio.io,REQ_2031,REC_102
CAND_100811,talent_811@simulation-tesla-portfolio.io,REQ_2019,REC_101
CAND_100812,talent_812@simulation-tesla-portfolio.io,REQ_2034,REC_102
CAND_100813,talent_813@simulation-tesla-portfolio.io,REQ_2039,REC_104
CAND_100814,talent_814@simulation-tesla-portfolio.io,REQ_2003,REC_102
CAND_100815,talent_815@simulation-tesla-portfolio.io,REQ_2015,REC_103
CAND_100816,talent_816@simulation-tesla-portfolio.io,REQ_2004,REC_101
CAND_100817,talent_817@simulation-tesla-portfolio.io,REQ_2000,REC_102
CAND_100818,talent_818@simulation-tesla-portfolio.io,REQ_2024,REC_104
CAND_100819,talent_819@simulation-tesla-portfolio.io,REQ_2045,REC_103
CAND_100820,talent_820@simulation-tesla-portfolio.io,REQ_2005,REC_102
CAND_100821,talent_821@simulation-tesla-portfolio.io,REQ_2014,REC_100
CAND_100822,talent_822@simulation-tesla-portfolio.io,REQ_2005,REC_100
CAND_100823,talent_823@simulation-tesla-portfolio.io,REQ_2000,REC_100
CAND_100824,talent_824@simulation-tesla-portfolio.io,REQ_2010,REC_103
CAND_100825,talent_825@simulation-tesla-portfolio.io,REQ_2037,REC_103
CAND_100826,talent_826@simulation-tesla-portfolio.io,REQ_2025,REC_102
CAND_100827,talent_827@simulation-tesla-portfolio.io,REQ_2018,REC_100
CAND_100828,talent_828@simulation-tesla-portfolio.io,REQ_2020,REC_103
CAND_100829,talent_829@simulation-tesla-portfolio.io,REQ_2007,REC_101
CAND_100830,talent_830@simulation-tesla-portfolio.io,REQ_2004,REC_102
CAND_100831,talent_831@simulation-tesla-portfolio.io,REQ_2048,REC_101
CAND_100832,talent_832@simulation-tesla-portfolio.io,REQ_2037,REC_103
CAND_100833,talent_833@simulation-tesla-portfolio.io,REQ_2009,REC_100
CAND_100834,talent_834@simulation-tesla-portfolio.io,REQ_2043,REC_102
CAND_100835,talent_835@simulation-tesla-portfolio.io,REQ_2043,REC_101
CAND_100836,talent_836@simulation-tesla-portfolio.io,REQ_2024,REC_104
CAND_100837,talent_404@simulation-tesla-portfolio.io,REQ_2024,REC_100
CAND_100838,talent_838@simulation-tesla-portfolio.io,REQ_2010,REC_104
CAND_100839,talent_839@simulation-tesla-portfolio.io,REQ_2024,REC_102
CAND_100840,talent_840@simulation-tesla-portfolio.io,REQ_2037,REC_101
CAND_100841,talent_841@simulation-tesla-portfolio.io,REQ_2009,REC_100
CAND_100842,talent_842@simulation-tesla-portfolio.io,REQ_2022,REC_103
CAND_100843,talent_843@simulation-tesla-portfolio.io,REQ_2004,REC_100
CAND_100844,talent_844@simulation-tesla-portfolio.io,REQ_2032,REC_100
CAND_100845,talent_845@simulation-tesla-portfolio.io,REQ_2035,REC_100
CAND_100846,talent_846@simulation-tesla-portfolio.io,REQ_2021,REC_100
CAND_100847,talent_847@simulation-tesla-portfolio.io,REQ_2001,REC_101
CAND_100848,talent_848@simulation-tesla-portfolio.io,REQ_2004,REC_103
CAND_100849,talent_849@simulation-tesla-portfolio.io,REQ_2044,REC_101
CAND_100850,talent_850@simulation-tesla-portfolio.io,REQ_2039,REC_100
CAND_100851,talent_851@simulation-tesla-portfolio.io,REQ_2047,REC_102
CAND_100852,talent_852@simulation-tesla-portfolio.io,REQ_2002,REC_100
CAND_100853,talent_853@simulation-tesla-portfolio.io,REQ_2008,REC_102
CAND_100854,talent_854@simulation-tesla-portfolio.io,REQ_2011,REC_104
CAND_100855,talent_855@simulation-tesla-portfolio.io,REQ_2038,REC_104
CAND_100856,talent_856@simulation-tesla-portfolio.io,REQ_2021,REC_101
CAND_100857,talent_857@simulation-tesla-portfolio.io,REQ_2030,REC_102
CAND_100858,talent_858@simulation-tesla-portfolio.io,REQ_2003,REC_103
CAND_100859,talent_859@simulation-tesla-portfolio.io,REQ_2012,REC_101
CAND_100860,talent_860@simulation-tesla-portfolio.io,REQ_2042,REC_104
CAND_100861,talent_861@simulation-tesla-portfolio.io,REQ_2002,REC_100
CAND_100862,talent_862@simulation-tesla-portfolio.io,REQ_2044,REC_101
CAND_100863,talent_286@simulation-tesla-portfolio.io,REQ_2004,REC_102
CAND_100864,talent_864@simulation-tesla-portfolio.io,REQ_2036,REC_104
CAND_100865,talent_865@simulation-tesla-portfolio.io,REQ_2001,REC_101
CAND_100866,talent_866@simulation-tesla-portfolio.io,REQ_2042,REC_104
CAND_100867,talent_867@simulation-tesla-portfolio.io,REQ_2024,REC_100
CAND_100868,talent_868@simulation-tesla-portfolio.io,REQ_2010,REC_104
CAND_100869,talent_869@simulation-tesla-portfolio.io,REQ_2011,REC_100
CAND_100870,talent_870@simulation-tesla-portfolio.io,REQ_2037,REC_104
CAND_100871,talent_871@simulation-tesla-portfolio.io,REQ_2040,REC_104
CAND_100872,talent_872@simulation-tesla-portfolio.io,REQ_2046,REC_102
CAND_100873,talent_873@simulation-tesla-portfolio.io,REQ_2039,REC_103
CAND_100874,talent_874@simulation-tesla-portfolio.io,REQ_2021,REC_103
CAND_100875,talent_875@simulation-tesla-portfolio.io,REQ_2047,REC_103
CAND_100876,talent_876@simulation-tesla-portfolio.io,REQ_2013,REC_101
CAND_100877,talent_877@simulation-tesla-portfolio.io,REQ_2017,REC_100
CAND_100878,talent_878@simulation-tesla-portfolio.io,REQ_2048,REC_103
CAND_100879,talent_879@simulation-tesla-portfolio.io,REQ_2042,REC_104
CAND_100880,talent_880@simulation-tesla-portfolio.io,REQ_2029,REC_103
CAND_100881,talent_881@simulation-tesla-portfolio.io,REQ_2037,REC_101
CAND_100882,talent_882@simulation-tesla-portfolio.io,REQ_2012,REC_100
CAND_100883,talent_883@simulation-tesla-portfolio.io,REQ_2043,REC_102
CAND_100884,talent_884@simulation-tesla-portfolio.io,REQ_2000,REC_100
CAND_100885,talent_885@simulation-tesla-portfolio.io,REQ_2018,REC_100
CAND_100886,talent_886@simulation-tesla-portfolio.io,REQ_2005,REC_104
CAND_100887,talent_887@simulation-tesla-portfolio.io,REQ_2026,REC_102
CAND_100888,talent_888@simulation-tesla-portfolio.io,REQ_2024,REC_101
CAND_100889,talent_889@simulation-tesla-portfolio.io,REQ_2020,REC_100
CAND_100890,talent_890@simulation-tesla-portfolio.io,REQ_2016,REC_100
CAND_100891,talent_891@simulation-tesla-portfolio.io,REQ_2022,REC_100
CAND_100892,talent_892@simulation-tesla-portfolio.io,REQ_2022,REC_100
CAND_100893,talent_893@simulation-tesla-portfolio.io,REQ_2048,REC_104
CAND_100894,talent_894@simulation-tesla-portfolio.io,REQ_2038,REC_101
CAND_100895,talent_895@simulation-tesla-portfolio.io,REQ_2014,REC_101
CAND_100896,talent_896@simulation-tesla-portfolio.io,REQ_2019,REC_102
CAND_100897,talent_897@simulation-tesla-portfolio.io,REQ_2034,REC_102
CAND_100898,talent_898@simulation-tesla-portfolio.io,REQ_2030,REC_102
CAND_100899,talent_899@simulation-tesla-portfolio.io,REQ_2041,REC_104
CAND_100900,talent_900@simulation-tesla-portfolio.io,REQ_2017,REC_101
CAND_100901,talent_901@simulation-tesla-portfolio.io,REQ_2004,REC_100
CAND_100902,talent_902@simulation-tesla-portfolio.io,REQ_2026,REC_102
CAND_100903,talent_903@simulation-tesla-portfolio.io,REQ_2017,REC_101
CAND_100904,talent_904@simulation-tesla-portfolio.io,REQ_2000,REC_101
CAND_100905,talent_905@simulation-tesla-portfolio.io,REQ_2031,REC_101
CAND_100906,talent_906@simulation-tesla-portfolio.io,REQ_2044,REC_104
CAND_100907,talent_907@simulation-tesla-portfolio.io,REQ_2037,REC_102
CAND_100908,talent_908@simulation-tesla-portfolio.io,REQ_2023,REC_104
CAND_100909,talent_909@simulation-tesla-portfolio.io,REQ_2006,REC_100
CAND_100910,talent_910@simulation-tesla-portfolio.io,REQ_2017,REC_104
CAND_100911,talent_911@simulation-tesla-portfolio.io,REQ_2012,REC_100
CAND_100912,talent_912@simulation-tesla-portfolio.io,REQ_2000,REC_101
CAND_100913,talent_913@simulation-tesla-portfolio.io,REQ_2007,REC_104
CAND_100914,talent_914@simulation-tesla-portfolio.io,REQ_2012,REC_102
CAND_100915,talent_915@simulation-tesla-portfolio.io,REQ_2040,REC_100
CAND_100916,talent_916@simulation-tesla-portfolio.io,REQ_2042,REC_101
CAND_100917,talent_917@simulation-tesla-portfolio.io,REQ_2023,REC_100
CAND_100918,talent_918@simulation-tesla-portfolio.io,REQ_2025,REC_104
CAND_100919,talent_919@simulation-tesla-portfolio.io,REQ_2038,REC_102
CAND_100920,talent_920@simulation-tesla-portfolio.io,REQ_2034,REC_104
CAND_100921,talent_921@simulation-tesla-portfolio.io,REQ_2023,REC_104
CAND_100922,talent_922@simulation-tesla-portfolio.io,REQ_2012,REC_102
CAND_100923,talent_923@simulation-tesla-portfolio.io,REQ_2010,REC_100
CAND_100924,talent_924@simulation-tesla-portfolio.io,REQ_2026,REC_100
CAND_100925,talent_925@simulation-tesla-portfolio.io,REQ_2000,REC_103
CAND_100926,talent_926@simulation-tesla-portfolio.io,REQ_2015,REC_103
CAND_100927,talent_927@simulation-tesla-portfolio.io,REQ_2025,REC_103
CAND_100928,talent_928@simulation-tesla-portfolio.io,REQ_2000,REC_102
CAND_100929,talent_929@simulation-tesla-portfolio.io,REQ_2004,REC_102
CAND_100930,talent_930@simulation-tesla-portfolio.io,REQ_2025,REC_102
CAND_100931,talent_931@simulation-tesla-portfolio.io,REQ_2002,REC_101
CAND_100932,talent_932@simulation-tesla-portfolio.io,REQ_2014,REC_102
CAND_100933,talent_933@simulation-tesla-portfolio.io,REQ_2041,REC_101
CAND_100934,talent_934@simulation-tesla-portfolio.io,REQ_2047,REC_104
CAND_100935,talent_935@simulation-tesla-portfolio.io,REQ_2025,REC_101
CAND_100936,talent_936@simulation-tesla-portfolio.io,REQ_2036,REC_104
CAND_100937,talent_937@simulation-tesla-portfolio.io,REQ_2021,REC_102
CAND_100938,talent_938@simulation-tesla-portfolio.io,REQ_2032,REC_100
CAND_100939,talent_939@simulation-tesla-portfolio.io,REQ_2015,REC_102
CAND_100940,talent_940@simulation-tesla-portfolio.io,REQ_2031,REC_103
CAND_100941,talent_941@simulation-tesla-portfolio.io,REQ_2013,REC_103
CAND_100942,talent_942@simulation-tesla-portfolio.io,REQ_2044,REC_104
CAND_100943,talent_943@simulation-tesla-portfolio.io,REQ_2018,REC_101
CAND_100944,talent_306@simulation-tesla-portfolio.io,REQ_2009,REC_104
CAND_100945,talent_945@simulation-tesla-portfolio.io,REQ_2014,REC_100
CAND_100946,talent_946@simulation-tesla-portfolio.io,REQ_2035,REC_104
CAND_100947,talent_947@simulation-tesla-portfolio.io,REQ_2010,REC_103
CAND_100948,talent_948@simulation-tesla-portfolio.io,REQ_2022,REC_100
CAND_100949,talent_949@simulation-tesla-portfolio.io,REQ_2039,REC_104
CAND_100950,talent_950@simulation-tesla-portfolio.io,REQ_2024,REC_104
CAND_100951,talent_951@simulation-tesla-portfolio.io,REQ_2038,REC_102
CAND_100952,talent_952@simulation-tesla-portfolio.io,REQ_2013,REC_104
CAND_100953,talent_953@simulation-tesla-portfolio.io,REQ_2006,REC_103
CAND_100954,talent_954@simulation-tesla-portfolio.io,REQ_2037,REC_100
CAND_100955,talent_955@simulation-tesla-portfolio.io,REQ_2041,REC_101
CAND_100956,talent_956@simulation-tesla-portfolio.io,REQ_2016,REC_104
CAND_100957,talent_957@simulation-tesla-portfolio.io,REQ_2018,REC_104
CAND_100958,talent_958@simulation-tesla-portfolio.io,REQ_2032,REC_103
CAND_100959,talent_959@simulation-tesla-portfolio.io,REQ_2019,REC_101
CAND_100960,talent_960@simulation-tesla-portfolio.io,REQ_2014,REC_103
CAND_100961,talent_961@simulation-tesla-portfolio.io,REQ_2030,REC_100
CAND_100962,talent_962@simulation-tesla-portfolio.io,REQ_2046,REC_100
CAND_100963,talent_963@simulation-tesla-portfolio.io,REQ_2045,REC_100
CAND_100964,talent_964@simulation-tesla-portfolio.io,REQ_2029,REC_100
CAND_100965,talent_965@simulation-tesla-portfolio.io,REQ_2002,REC_100
CAND_100966,talent_966@simulation-tesla-portfolio.io,REQ_2021,REC_100
CAND_100967,talent_967@simulation-tesla-portfolio.io,REQ_2030,REC_102
CAND_100968,talent_968@simulation-tesla-portfolio.io,REQ_2010,REC_104
CAND_100969,talent_969@simulation-tesla-portfolio.io,REQ_2041,REC_100
CAND_100970,talent_970@simulation-tesla-portfolio.io,REQ_2015,REC_100
CAND_100971,talent_971@simulation-tesla-portfolio.io,REQ_2036,REC_101
CAND_100972,talent_972@simulation-tesla-portfolio.io,REQ_2043,REC_104
CAND_100973,talent_973@simulation-tesla-portfolio.io,REQ_2044,REC_100
CAND_100974,talent_974@simulation-tesla-portfolio.io,REQ_2044,REC_104
CAND_100975,talent_975@simulation-tesla-portfolio.io,REQ_2044,REC_100
CAND_100976,talent_976@simulation-tesla-portfolio.io,REQ_2044,REC_103
CAND_100977,talent_933@simulation-tesla-portfolio.io,REQ_2032,REC_103
CAND_100978,talent_21@simulation-tesla-portfolio.io,REQ_2013,REC_104
CAND_100979,talent_979@simulation-tesla-portfolio.io,REQ_2000,REC_104
CAND_100980,talent_980@simulation-tesla-portfolio.io,REQ_2030,REC_101
CAND_100981,talent_981@simulation-tesla-portfolio.io,REQ_2001,REC_100
CAND_100982,talent_982@simulation-tesla-portfolio.io,REQ_2018,REC_104
CAND_100983,talent_983@simulation-tesla-portfolio.io,REQ_2028,REC_102
CAND_100984,talent_984@simulation-tesla-portfolio.io,REQ_2025,REC_101
CAND_100985,talent_985@simulation-tesla-portfolio.io,REQ_2023,REC_101
CAND_100986,talent_986@simulation-tesla-portfolio.io,REQ_2029,REC_101
CAND_100987,talent_987@simulation-tesla-portfolio.io,REQ_2029,REC_103
CAND_100988,talent_988@simulation-tesla-portfolio.io,REQ_2006,REC_102
CAND_100989,talent_989@simulation-tesla-portfolio.io,REQ_2019,REC_104
CAND_100990,talent_990@simulation-tesla-portfolio.io,REQ_2045,REC_102
CAND_100991,talent_991@simulation-tesla-portfolio.io,REQ_2010,REC_100
CAND_100992,talent_992@simulation-tesla-portfolio.io,REQ_2028,REC_102
CAND_100993,talent_993@simulation-tesla-portfolio.io,REQ_2015,REC_103
CAND_100994,talent_994@simulation-tesla-portfolio.io,REQ_2020,REC_101
CAND_100995,talent_995@simulation-tesla-portfolio.io,REQ_2031,REC_103
CAND_100996,talent_996@simulation-tesla-portfolio.io,REQ_2049,REC_102
CAND_100997,talent_997@simulation-tesla-portfolio.io,REQ_2013,REC_100
CAND_100998,talent_998@simulation-tesla-portfolio.io,REQ_2023,REC_100
CAND_100999,talent_999@simulation-tesla-portfolio.io,REQ_2036,REC_102
CAND_101000,talent_1000@simulation-tesla-portfolio.io,REQ_2046,REC_100
CAND_101001,talent_1001@simulation-tesla-portfolio.io,REQ_2014,REC_102
CAND_101002,talent_1002@simulation-tesla-portfolio.io,REQ_2029,REC_102
CAND_101003,talent_1003@simulation-tesla-portfolio.io,REQ_2018,REC_100
CAND_101004,talent_1004@simulation-tesla-portfolio.io,REQ_2013,REC_100
CAND_101005,talent_1005@simulation-tesla-portfolio.io,REQ_2001,REC_102
CAND_101006,talent_1006@simulation-tesla-portfolio.io,REQ_2017,REC_100
CAND_101007,talent_1007@simulation-tesla-portfolio.io,REQ_2013,REC_104
CAND_101008,talent_1008@simulation-tesla-portfolio.io,REQ_2046,REC_104
CAND_101009,talent_1009@simulation-tesla-portfolio.io,REQ_2035,REC_102
CAND_101010,talent_1010@simulation-tesla-portfolio.io,REQ_2000,REC_103
CAND_101011,talent_1011@simulation-tesla-portfolio.io,REQ_2027,REC_104
CAND_101012,talent_1012@simulation-tesla-portfolio.io,REQ_2019,REC_104
CAND_101013,talent_1013@simulation-tesla-portfolio.io,REQ_2007,REC_100
CAND_101014,talent_1014@simulation-tesla-portfolio.io,REQ_2004,REC_101
CAND_101015,talent_1015@simulation-tesla-portfolio.io,REQ_2025,REC_102
CAND_101016,talent_1016@simulation-tesla-portfolio.io,REQ_2045,REC_103
CAND_101017,talent_1017@simulation-tesla-portfolio.io,REQ_2031,REC_102
CAND_101018,talent_1018@simulation-tesla-portfolio.io,REQ_2038,REC_100
CAND_101019,talent_1019@simulation-tesla-portfolio.io,REQ_2009,REC_101
CAND_101020,talent_1020@simulation-tesla-portfolio.io,REQ_2005,REC_101
CAND_101021,talent_1021@simulation-tesla-portfolio.io,REQ_2025,REC_100
CAND_101022,talent_1022@simulation-tesla-portfolio.io,REQ_2000,REC_101
CAND_101023,talent_1023@simulation-tesla-portfolio.io,REQ_2038,REC_101
CAND_101024,talent_1024@simulation-tesla-portfolio.io,REQ_2022,REC_103
CAND_101025,talent_1025@simulation-tesla-portfolio.io,REQ_2043,REC_103
CAND_101026,talent_1026@simulation-tesla-portfolio.io,REQ_2039,REC_101
CAND_101027,talent_1027@simulation-tesla-portfolio.io,REQ_2001,REC_103
CAND_101028,talent_1028@simulation-tesla-portfolio.io,REQ_2030,REC_100
CAND_101029,talent_1029@simulation-tesla-portfolio.io,REQ_2000,REC_103
CAND_101030,talent_1030@simulation-tesla-portfolio.io,REQ_2036,REC_100
CAND_101031,talent_1031@simulation-tesla-portfolio.io,REQ_2018,REC_100
CAND_101032,talent_1032@simulation-tesla-portfolio.io,REQ_2026,REC_100
CAND_101033,talent_1033@simulation-tesla-portfolio.io,REQ_2009,REC_100
CAND_101034,talent_1034@simulation-tesla-portfolio.io,REQ_2022,REC_100
CAND_101035,talent_1035@simulation-tesla-portfolio.io,REQ_2001,REC_104
CAND_101036,talent_1036@simulation-tesla-portfolio.io,REQ_2049,REC_103
CAND_101037,talent_1037@simulation-tesla-portfolio.io,REQ_2018,REC_100
CAND_101038,talent_1038@simulation-tesla-portfolio.io,REQ_2029,REC_101
CAND_101039,talent_1039@simulation-tesla-portfolio.io,REQ_2043,REC_104
CAND_101040,talent_1040@simulation-tesla-portfolio.io,REQ_2001,REC_100
CAND_101041,talent_1041@simulation-tesla-portfolio.io,REQ_2000,REC_104
CAND_101042,talent_1042@simulation-tesla-portfolio.io,REQ_2000,REC_101
CAND_101043,talent_1043@simulation-tesla-portfolio.io,REQ_2027,REC_103
CAND_101044,talent_1044@simulation-tesla-portfolio.io,REQ_2048,REC_103
CAND_101045,talent_1045@simulation-tesla-portfolio.io,REQ_2018,REC_101
CAND_101046,talent_1046@simulation-tesla-portfolio.io,REQ_2035,REC_103
CAND_101047,talent_1047@simulation-tesla-portfolio.io,REQ_2023,REC_103
CAND_101048,talent_1048@simulation-tesla-portfolio.io,REQ_2019,REC_100
CAND_101049,talent_1049@simulation-tesla-portfolio.io,REQ_2047,REC_103
CAND_101050,talent_1050@simulation-tesla-portfolio.io,REQ_2015,REC_103
CAND_101051,talent_1051@simulation-tesla-portfolio.io,REQ_2031,REC_102
CAND_101052,talent_1052@simulation-tesla-portfolio.io,REQ_2048,REC_102
CAND_101053,talent_1053@simulation-tesla-portfolio.io,REQ_2011,REC_103
CAND_101054,talent_1054@simulation-tesla-portfolio.io,REQ_2012,REC_100
CAND_101055,talent_1055@simulation-tesla-portfolio.io,REQ_2013,REC_101
CAND_101056,talent_1056@simulation-tesla-portfolio.io,REQ_2001,REC_103
CAND_101057,talent_1057@simulation-tesla-portfolio.io,REQ_2041,REC_103
CAND_101058,talent_1058@simulation-tesla-portfolio.io,REQ_2014,REC_104
CAND_101059,talent_1059@simulation-tesla-portfolio.io,REQ_2033,REC_101
CAND_101060,talent_1060@simulation-tesla-portfolio.io,REQ_2037,REC_101
CAND_101061,talent_1061@simulation-tesla-portfolio.io,REQ_2032,REC_104
CAND_101062,talent_1062@simulation-tesla-portfolio.io,REQ_2044,REC_102
CAND_101063,talent_1063@simulation-tesla-portfolio.io,REQ_2039,REC_102
CAND_101064,talent_1064@simulation-tesla-portfolio.io,REQ_2047,REC_103
CAND_101065,talent_1065@simulation-tesla-portfolio.io,REQ_2036,REC_101
CAND_101066,talent_1066@simulation-tesla-portfolio.io,REQ_2012,REC_100
CAND_101067,talent_1067@simulation-tesla-portfolio.io,REQ_2048,REC_102
CAND_101068,talent_1068@simulation-tesla-portfolio.io,REQ_2021,REC_101
CAND_101069,talent_1069@simulation-tesla-portfolio.io,REQ_2002,REC_100
CAND_101070,talent_1070@simulation-tesla-portfolio.io,REQ_2038,REC_100
CAND_101071,talent_1071@simulation-tesla-portfolio.io,REQ_2012,REC_103
CAND_101072,talent_1072@simulation-tesla-portfolio.io,REQ_2040,REC_101
CAND_101073,talent_1073@simulation-tesla-portfolio.io,REQ_2044,REC_101
CAND_101074,talent_1074@simulation-tesla-portfolio.io,REQ_2005,REC_101
CAND_101075,talent_1075@simulation-tesla-portfolio.io,REQ_2027,REC_102
CAND_101076,talent_1076@simulation-tesla-portfolio.io,REQ_2016,REC_100
CAND_101077,talent_1077@simulation-tesla-portfolio.io,REQ_2008,REC_100
CAND_101078,talent_1078@simulation-tesla-portfolio.io,REQ_2046,REC_103
CAND_101079,talent_1079@simulation-tesla-portfolio.io,REQ_2003,REC_102
CAND_101080,talent_1080@simulation-tesla-portfolio.io,REQ_2001,REC_103
CAND_101081,talent_1081@simulation-tesla-portfolio.io,REQ_2018,REC_101
CAND_101082,talent_1082@simulation-tesla-portfolio.io,REQ_2024,REC_101
CAND_101083,talent_1083@simulation-tesla-portfolio.io,REQ_2008,REC_102
CAND_101084,talent_1084@simulation-tesla-portfolio.io,REQ_2014,REC_104
CAND_101085,talent_1085@simulation-tesla-portfolio.io,REQ_2037,REC_101
CAND_101086,talent_1086@simulation-tesla-portfolio.io,REQ_2045,REC_103
CAND_101087,talent_1087@simulation-tesla-portfolio.io,REQ_2004,REC_104
CAND_101088,talent_1088@simulation-tesla-portfolio.io,REQ_2025,REC_104
CAND_101089,talent_1089@simulation-tesla-portfolio.io,REQ_2008,REC_102
CAND_101090,talent_1090@simulation-tesla-portfolio.io,REQ_2039,REC_100
CAND_101091,talent_1091@simulation-tesla-portfolio.io,REQ_2040,REC_101
CAND_101092,talent_217@simulation-tesla-portfolio.io,REQ_2032,REC_101
CAND_101093,talent_1093@simulation-tesla-portfolio.io,REQ_2019,REC_103
CAND_101094,talent_1094@simulation-tesla-portfolio.io,REQ_2033,REC_103
CAND_101095,talent_1095@simulation-tesla-portfolio.io,REQ_2030,REC_104
CAND_101096,talent_1096@simulation-tesla-portfolio.io,REQ_2001,REC_104
CAND_101097,talent_1097@simulation-tesla-portfolio.io,REQ_2022,REC_104
CAND_101098,talent_1098@simulation-tesla-portfolio.io,REQ_2011,REC_100
CAND_101099,talent_1099@simulation-tesla-portfolio.io,REQ_2034,REC_100
CAND_101100,talent_1100@simulation-tesla-portfolio.io,REQ_2016,REC_101
CAND_101101,talent_1101@simulation-tesla-portfolio.io,REQ_2033,REC_100
CAND_101102,talent_1102@simulation-tesla-portfolio.io,REQ_2017,REC_101
CAND_101103,talent_1103@simulation-tesla-portfolio.io,REQ_2012,REC_100
CAND_101104,talent_1104@simulation-tesla-portfolio.io,REQ_2010,REC_102
CAND_101105,talent_1105@simulation-tesla-portfolio.io,REQ_2026,REC_103
CAND_101106,talent_1106@simulation-tesla-portfolio.io,REQ_2008,REC_102
CAND_101107,talent_1107@simulation-tesla-portfolio.io,REQ_2015,REC_101
CAND_101108,talent_1108@simulation-tesla-portfolio.io,REQ_2003,REC_102
CAND_101109,talent_1109@simulation-tesla-portfolio.io,REQ_2005,REC_103
CAND_101110,talent_1110@simulation-tesla-portfolio.io,REQ_2020,REC_104
CAND_101111,talent_1111@simulation-tesla-portfolio.io,REQ_2044,REC_101
CAND_101112,talent_1112@simulation-tesla-portfolio.io,REQ_2024,REC_101
CAND_101113,talent_1113@simulation-tesla-portfolio.io,REQ_2028,REC_102
CAND_101114,talent_1114@simulation-tesla-portfolio.io,REQ_2041,REC_100
CAND_101115,talent_1115@simulation-tesla-portfolio.io,REQ_2019,REC_104
CAND_101116,talent_1116@simulation-tesla-portfolio.io,REQ_2011,REC_100
CAND_101117,talent_1117@simulation-tesla-portfolio.io,REQ_2001,REC_102
CAND_101118,talent_1118@simulation-tesla-portfolio.io,REQ_2021,REC_100
CAND_101119,talent_1119@simulation-tesla-portfolio.io,REQ_2020,REC_103
CAND_101120,talent_1120@simulation-tesla-portfolio.io,REQ_2025,REC_100
CAND_101121,talent_1121@simulation-tesla-portfolio.io,REQ_2039,REC_104
CAND_101122,talent_1122@simulation-tesla-portfolio.io,REQ_2020,REC_100
CAND_101123,talent_1123@simulation-tesla-portfolio.io,REQ_2020,REC_102
CAND_101124,talent_1124@simulation-tesla-portfolio.io,REQ_2031,REC_102
CAND_101125,talent_1125@simulation-tesla-portfolio.io,REQ_2034,REC_104
CAND_101126,talent_1126@simulation-tesla-portfolio.io,REQ_2025,REC_102
CAND_101127,talent_1127@simulation-tesla-portfolio.io,REQ_2030,REC_103
CAND_101128,talent_1128@simulation-tesla-portfolio.io,REQ_2035,REC_100
CAND_101129,talent_1129@simulation-tesla-portfolio.io,REQ_2011,REC_101
CAND_101130,talent_1130@simulation-tesla-portfolio.io,REQ_2005,REC_101
CAND_101131,talent_1131@simulation-tesla-portfolio.io,REQ_2023,REC_101
CAND_101132,talent_1132@simulation-tesla-portfolio.io,REQ_2012,REC_102
CAND_101133,talent_1133@simulation-tesla-portfolio.io,REQ_2016,REC_102
CAND_101134,talent_1134@simulation-tesla-portfolio.io,REQ_2022,REC_102
CAND_101135,talent_1135@simulation-tesla-portfolio.io,REQ_2036,REC_103
CAND_101136,talent_1136@simulation-tesla-portfolio.io,REQ_2033,REC_102
CAND_101137,talent_1137@simulation-tesla-portfolio.io,REQ_2041,REC_100
CAND_101138,talent_1138@simulation-tesla-portfolio.io,REQ_2046,REC_104
CAND_101139,talent_1139@simulation-tesla-portfolio.io,REQ_2016,REC_103
CAND_101140,talent_1140@simulation-tesla-portfolio.io,REQ_2018,REC_102
CAND_101141,talent_1141@simulation-tesla-portfolio.io,REQ_2045,REC_103
CAND_101142,talent_1142@simulation-tesla-portfolio.io,REQ_2022,REC_102
CAND_101143,talent_1143@simulation-tesla-portfolio.io,REQ_2020,REC_102
CAND_101144,talent_1144@simulation-tesla-portfolio.io,REQ_2019,REC_103
CAND_101145,talent_1145@simulation-tesla-portfolio.io,REQ_2041,REC_102
CAND_101146,talent_1146@simulation-tesla-portfolio.io,REQ_2040,REC_103
CAND_101147,talent_1147@simulation-tesla-portfolio.io,REQ_2001,REC_104
CAND_101148,talent_1148@simulation-tesla-portfolio.io,REQ_2033,REC_102
CAND_101149,talent_1149@simulation-tesla-portfolio.io,REQ_2028,REC_101
CAND_101150,talent_1150@simulation-tesla-portfolio.io,REQ_2028,REC_104
CAND_101151,talent_1151@simulation-tesla-portfolio.io,REQ_2008,REC_100
CAND_101152,talent_1152@simulation-tesla-portfolio.io,REQ_2045,REC_103
CAND_101153,talent_1153@simulation-tesla-portfolio.io,REQ_2030,REC_101
CAND_101154,talent_1154@simulation-tesla-portfolio.io,REQ_2044,REC_103
CAND_101155,talent_1155@simulation-tesla-portfolio.io,REQ_2037,REC_100
CAND_101156,talent_1156@simulation-tesla-portfolio.io,REQ_2033,REC_102
CAND_101157,talent_1157@simulation-tesla-portfolio.io,REQ_2030,REC_102
CAND_101158,talent_1158@simulation-tesla-portfolio.io,REQ_2010,REC_101
CAND_101159,talent_1159@simulation-tesla-portfolio.io,REQ_2044,REC_100
CAND_101160,talent_1160@simulation-tesla-portfolio.io,REQ_2008,REC_104
CAND_101161,talent_1161@simulation-tesla-portfolio.io,REQ_2040,REC_104
CAND_101162,talent_1162@simulation-tesla-portfolio.io,REQ_2032,REC_101
CAND_101163,talent_1163@simulation-tesla-portfolio.io,REQ_2032,REC_102
CAND_101164,talent_1164@simulation-tesla-portfolio.io,REQ_2022,REC_104
CAND_101165,talent_1165@simulation-tesla-portfolio.io,REQ_2002,REC_102
CAND_101166,talent_1166@simulation-tesla-portfolio.io,REQ_2001,REC_103
CAND_101167,talent_1167@simulation-tesla-portfolio.io,REQ_2041,REC_104
CAND_101168,talent_1168@simulation-tesla-portfolio.io,REQ_2015,REC_100
CAND_101169,talent_1169@simulation-tesla-portfolio.io,REQ_2049,REC_103
CAND_101170,talent_1170@simulation-tesla-portfolio.io,REQ_2003,REC_101
CAND_101171,talent_1171@simulation-tesla-portfolio.io,REQ_2044,REC_103
CAND_101172,talent_1172@simulation-tesla-portfolio.io,REQ_2030,REC_100
CAND_101173,talent_1173@simulation-tesla-portfolio.io,REQ_2040,REC_101
CAND_101174,talent_1174@simulation-tesla-portfolio.io,REQ_2033,REC_104
CAND_101175,talent_1175@simulation-tesla-portfolio.io,REQ_2035,REC_101
CAND_101176,talent_1176@simulation-tesla-portfolio.io,REQ_2020,REC_103
CAND_101177,talent_1177@simulation-tesla-portfolio.io,REQ_2010,REC_101
CAND_101178,talent_1178@simulation-tesla-portfolio.io,REQ_2025,REC_103
CAND_101179,talent_1179@simulation-tesla-portfolio.io,REQ_2027,REC_103
CAND_101180,talent_1180@simulation-tesla-portfolio.io,REQ_2000,REC_100
CAND_101181,talent_1181@simulation-tesla-portfolio.io,REQ_2025,REC_104
CAND_101182,talent_1182@simulation-tesla-portfolio.io,REQ_2049,REC_100
CAND_101183,talent_1183@simulation-tesla-portfolio.io,REQ_2014,REC_103
CAND_101184,talent_1184@simulation-tesla-portfolio.io,REQ_2034,REC_103
CAND_101185,talent_1185@simulation-tesla-portfolio.io,REQ_2036,REC_103
CAND_101186,talent_1186@simulation-tesla-portfolio.io,REQ_2007,REC_103
CAND_101187,talent_1187@simulation-tesla-portfolio.io,REQ_2023,REC_100
CAND_101188,talent_1188@simulation-tesla-portfolio.io,REQ_2034,REC_104
CAND_101189,talent_1189@simulation-tesla-portfolio.io,REQ_2016,REC_103
CAND_101190,talent_1190@simulation-tesla-portfolio.io,REQ_2022,REC_100
CAND_101191,talent_1191@simulation-tesla-portfolio.io,REQ_2015,REC_102
CAND_101192,talent_1192@simulation-tesla-portfolio.io,REQ_2009,REC_103
CAND_101193,talent_1193@simulation-tesla-portfolio.io,REQ_2024,REC_102
CAND_101194,talent_1194@simulation-tesla-portfolio.io,REQ_2031,REC_101
CAND_101195,talent_1195@simulation-tesla-portfolio.io,REQ_2030,REC_101
CAND_101196,talent_1196@simulation-tesla-portfolio.io,REQ_2018,REC_104
CAND_101197,talent_1197@simulation-tesla-portfolio.io,REQ_2036,REC_101
CAND_101198,talent_1198@simulation-tesla-portfolio.io,REQ_2017,REC_101
CAND_101199,talent_1199@simulation-tesla-portfolio.io,REQ_2006,REC_100
